country,has_bio,has_blog,followers,followings,commits,public_gist,public_repos,hirable
China,0,0,9,10,12,0,18,0

India,0,0,0,0,5,0,1,0

China,0,0,1,3,36,0,5,0

Poland,0,1,9,8,55,1,9,0

China,0,0,3,4,0,0,3,0

Ukraine,0,0,0,1,2,0,1,1

India,0,0,0,1,1,0,2,0

China,1,1,15,68,267,2,27,0

Poland,0,1,2,1,4,0,8,0

India,1,0,1,5,20,0,13,1

Philippines,1,1,6,10,296,0,16,1

India,0,1,0,2,18,0,2,1

India,0,0,0,0,0,0,1,0

India,1,1,26,6,316,4,10,1

Philippines,1,1,0,4,82,6,16,0

Poland,0,0,1,0,7,0,6,0

China,1,0,15,6,359,1,15,0

India,1,0,0,0,0,0,1,0

India,0,0,6,2,412,3,19,0

China,0,0,1,1,12,0,2,0

India,0,0,0,0,4,0,2,1

India,0,0,0,0,8,0,7,0

India,0,0,0,0,38,0,8,0

Ukraine,0,0,2,0,10,5,2,1

India,0,1,0,0,0,0,1,0

Philippines,1,0,1,5,23,0,2,0

Ukraine,0,0,0,0,114,3,16,0

Philippines,0,0,0,0,4,0,2,1

India,0,0,0,0,2,0,5,0

India,0,0,0,0,4,0,3,0

China,1,1,2,10,41,1,13,0

Poland,0,0,15,31,28,1,6,0

Poland,0,1,1,0,5,0,3,1

Poland,1,1,0,0,22,1,3,0

China,0,0,0,1,4,0,13,0

China,1,1,0,0,20,0,1,0

India,0,0,0,0,0,0,2,0

Philippines,0,1,0,0,0,0,1,0

India,0,1,0,0,1,0,1,1

Poland,0,0,0,0,1,0,1,0

China,1,0,16,8,122,38,10,0

China,0,0,0,0,4,0,2,0

China,1,0,6,9,13,0,5,0

India,0,0,0,0,7,0,1,0

China,1,0,0,4,7,0,2,0

China,0,1,0,0,0,0,1,0

China,0,0,2,0,55,0,12,0

Ukraine,1,0,0,0,6,0,1,0

China,0,0,5,41,11,0,99,0

China,1,0,0,0,32,0,6,0

China,1,1,3,6,101,0,11,0

India,1,0,0,0,0,0,2,0

China,0,1,0,0,0,0,1,0

China,0,0,0,0,1,0,2,0

India,0,0,8,7,257,2,32,1

India,1,1,1,1,100,0,20,1

India,0,1,0,0,0,0,1,0

Poland,0,0,0,0,3,0,1,0

India,0,1,0,0,1,0,11,1

Ukraine,0,0,1,5,0,0,1,1

India,0,0,0,0,0,0,6,0

China,0,1,0,0,0,0,1,0

India,0,0,0,0,0,0,1,0

India,1,1,2,2,54,0,2,0

China,0,0,2,3,0,0,11,0

Ukraine,0,0,0,0,381,0,2,0

India,1,1,1,1,298,0,18,0

India,1,0,1,8,117,1,37,1

China,1,1,71,0,381,0,40,0

India,0,1,6,0,101,0,20,1

Poland,0,0,49,1,512,1,19,0

Philippines,1,0,0,0,0,0,1,0

China,0,1,2,0,17,0,1,0

India,0,1,2,0,17,0,2,0

Poland,0,1,1,1,14,0,5,0

Ukraine,0,0,2,10,21,2,15,0

India,0,0,0,3,3,0,3,0

Philippines,0,0,0,0,1,0,1,0

India,0,1,0,0,0,0,1,0

India,1,0,0,0,1,0,1,0

India,0,0,0,0,1,0,1,1

India,1,0,0,0,0,0,2,0

China,0,1,0,0,1,0,1,0

China,1,0,0,0,34,0,3,0

China,1,1,0,0,0,0,1,0

Ukraine,0,1,1,1,35,1,8,0

China,1,0,0,2,6,0,33,0

Poland,1,0,2,2,15,13,5,0

China,0,0,0,4,6,0,7,1

Philippines,0,0,0,9,1,0,8,0

China,0,0,0,0,1,0,1,0

Poland,1,1,0,0,1,0,1,0

China,0,0,1,1,0,0,4,0

India,0,1,0,0,36,0,6,0

India,1,0,0,0,14,0,7,0

Philippines,0,0,1,0,8,0,7,0

China,0,0,13,78,89,2,26,0

India,1,1,0,0,0,0,3,0

India,0,0,0,0,0,0,4,1

China,1,1,14,24,52,0,15,0

India,0,0,0,1,47,0,4,1

Ukraine,1,0,1,0,259,4,17,0

India,0,0,1,18,89,0,30,1

India,0,0,0,0,0,0,1,0

China,0,0,4,13,43,0,29,0

China,1,1,0,0,0,0,4,0

Ukraine,0,0,0,0,0,0,1,0

Ukraine,0,0,0,0,7,0,11,0

China,1,0,2,3,20,0,39,1

India,1,0,0,0,0,0,1,0

India,0,1,0,1,4,0,2,1

India,1,0,1,0,0,0,2,1

Poland,0,0,0,0,68,0,7,0

India,0,1,0,0,5,0,1,0

China,0,0,0,0,3,0,1,0

China,1,1,0,0,3,0,7,0

India,0,0,8,7,54,9,33,1

India,0,1,0,1,0,2,1,0

China,0,0,17,74,529,0,24,0

India,1,1,24,0,219,0,74,1

India,0,0,0,0,77,1,7,0

Ukraine,0,0,1,0,586,0,5,1

India,1,0,0,0,0,0,1,0

Ukraine,0,0,0,2,3,0,2,0

India,0,0,0,0,0,0,1,0

Ukraine,0,0,0,0,2,0,2,0

Poland,0,0,0,0,49,0,6,0

India,0,0,0,0,1,0,1,0

India,0,0,0,0,0,0,2,1

China,0,0,5,14,64,0,7,0

India,0,0,0,0,75,0,10,0

Ukraine,0,0,0,1,36,0,3,0

India,0,1,11,15,151,0,48,1

India,0,1,0,0,2,0,9,0

China,1,1,0,0,4,0,1,0

China,0,0,6,18,85,2,19,0

China,1,0,1,5,3,0,2,0

China,1,0,1,2,6,0,2,0

China,0,0,0,1,0,0,1,0

India,0,0,1,0,3,0,1,0

India,0,1,0,0,0,0,1,0

China,0,1,3,4,78,0,14,0

India,0,0,0,0,5,0,3,0

Philippines,1,1,10,6,20,5,60,1

Poland,0,0,0,1,44,0,15,0

China,0,1,0,0,30,0,15,0

China,0,1,3,0,434,0,13,0

India,0,0,1,3,2,0,1,1

Ukraine,0,1,0,0,0,0,1,0

China,0,0,0,2,2,1,2,0

India,0,0,0,0,1,0,2,0

Ukraine,1,1,2,3,91,4,16,0

China,0,0,1,0,26,0,9,0

India,0,0,0,1,1,0,2,0

India,1,1,0,0,0,0,1,0

Ukraine,0,0,0,0,1,0,1,0

China,0,1,0,0,5,0,3,1

Poland,0,1,2,2,27,3,12,0

India,1,0,1,5,79,1,26,0

Philippines,1,0,0,0,0,0,1,0

Ukraine,0,0,0,0,2,1,1,0

Ukraine,0,0,0,0,18,0,5,0

China,0,0,0,1,30,0,8,1

China,1,0,1,0,155,0,27,0

India,0,0,2,0,0,0,1,0

India,1,0,0,0,8,0,4,0

India,0,0,0,0,6,0,14,0

Ukraine,0,0,1,1,8,0,1,0

China,0,0,182,12,472,2,201,1

India,0,0,0,4,5,0,6,0

Poland,0,0,0,0,0,0,1,0

China,0,1,0,0,0,0,1,1

China,1,0,0,0,10,0,4,0

China,1,0,5,5,283,0,24,0

India,1,1,7,129,460,1,65,0

Ukraine,0,0,7,9,285,0,27,1

Philippines,0,0,0,0,11,2,1,0

China,1,1,0,0,1,0,2,1

Poland,0,0,1,0,31,0,10,0

India,0,1,2,0,0,0,21,1

China,1,0,1,3,161,0,10,0

India,1,0,0,0,18,0,15,0

India,0,0,2,0,0,0,1,0

India,0,0,0,0,4,0,3,0

India,0,0,1,4,7,0,2,0

Ukraine,0,0,0,0,1,0,2,0

China,0,1,0,1,4,0,6,0

China,0,1,0,0,2,0,1,1

China,0,1,2,0,2,0,8,0

India,1,0,0,0,2,0,3,1

India,0,0,4,17,64,4,40,1

India,1,1,0,0,104,1,12,1

Ukraine,0,0,0,2,21,0,6,0

China,0,0,0,0,0,0,3,0

Poland,1,1,1,1,41,0,11,0

India,0,0,1,8,1,0,11,0

Poland,1,0,0,3,122,4,14,1

China,1,0,0,0,2,0,2,0

Ukraine,0,1,5,9,162,0,12,0

China,1,1,0,0,0,0,2,0

India,1,1,142,189,517,4,82,1

India,0,0,0,0,12,0,2,0

Ukraine,0,0,0,0,39,3,20,0

Ukraine,1,1,1,2,289,2,27,1

China,1,0,0,11,392,8,69,0

India,0,0,0,0,24,0,9,0

China,0,0,0,1,2,0,11,0

Poland,0,1,0,0,2,0,1,1

India,0,1,7,2,69,0,21,0

India,0,0,0,0,2,0,1,0

Ukraine,0,0,0,0,71,0,3,0

Philippines,0,0,1,0,10,0,10,0

India,1,1,0,0,56,0,11,1

India,0,0,4,6,26,2,21,1

Ukraine,0,0,4,0,178,0,8,1

India,0,0,1,0,2,0,1,1

India,1,1,0,0,0,0,1,0

Poland,1,0,0,0,9,0,2,1

Ukraine,0,0,0,0,53,0,6,1

China,0,0,0,0,4,0,4,0

China,0,0,0,0,3,0,1,0

India,1,0,1,0,33,0,6,0

Ukraine,0,0,0,1,26,2,6,0

India,1,1,0,3,118,2,41,0

China,1,0,0,1,14,0,13,0

China,1,0,0,1,0,0,2,1

Poland,0,1,0,0,0,0,1,0

India,1,1,0,0,1,0,1,1

Ukraine,0,0,0,0,26,0,4,0

China,0,1,9,45,232,0,10,0

Ukraine,0,0,2,0,221,0,6,0

India,0,1,0,1,25,0,14,0

India,0,0,0,0,5,0,6,0

China,0,0,1,1,32,0,12,0

India,0,0,0,0,3,0,1,1

China,0,0,0,1,1,0,5,0

Poland,0,0,0,1,0,0,5,0

Philippines,0,0,0,0,3,0,1,0

China,0,1,0,0,0,0,2,0

Ukraine,0,0,0,1,32,0,9,0

China,1,0,2,0,0,0,1,0

India,0,0,1,1,29,0,19,1

Ukraine,1,1,5,4,212,4,7,0

India,0,1,0,0,5,39,2,0

China,0,0,0,1,6,0,8,0

China,0,0,0,0,0,0,2,0

Philippines,1,0,0,0,0,0,5,1

China,0,0,0,0,0,0,5,0

China,1,0,3,2,31,0,4,1

India,0,0,0,0,4,0,1,0

China,0,0,0,0,10,0,1,0

India,0,0,0,2,33,0,1,0

India,0,0,2,1,8,0,2,0

Poland,0,0,3,0,3,0,1,0

India,0,1,0,0,10,0,5,0

Philippines,0,1,0,0,6,0,4,1

India,1,1,0,1,0,0,5,1

China,0,0,1,10,12,0,31,0

India,1,1,2,3,2,0,12,0

China,0,0,2,5,49,0,12,0

India,0,0,0,0,0,0,1,0

India,1,1,0,0,0,0,1,0

India,1,0,0,3,0,0,1,0

Ukraine,0,1,6,6,347,0,11,0

China,0,0,4,4,96,0,32,0

Poland,1,0,0,0,1,0,1,0

India,1,1,0,0,0,0,1,0

Ukraine,0,0,0,0,1,0,2,0

India,1,0,1,3,70,0,17,0

Poland,0,1,0,0,4,0,1,1

India,0,1,0,0,63,0,1,0

China,1,1,0,4,3,0,1,0

China,0,0,0,4,32,0,14,0

Ukraine,0,0,0,0,119,4,7,0

India,1,0,2,4,5,3,16,1

India,0,0,0,0,22,0,2,0

India,0,0,0,0,2,0,6,0

India,0,1,0,0,10,0,6,1

China,1,0,1,1,11,0,8,0

China,0,1,3,29,3,0,8,1

China,0,1,0,0,6,0,2,1

India,0,0,0,0,7,0,4,0

India,0,0,0,0,46,0,13,1

India,1,1,0,0,0,0,1,0

China,0,0,0,0,0,0,2,0

India,0,0,0,0,3,0,1,1

China,0,0,1,3,5,0,9,0

India,0,0,2,15,125,9,42,1

India,0,0,0,0,1,0,2,0

Ukraine,0,0,0,0,110,0,4,0

Ukraine,1,0,0,0,1,0,1,0

China,0,0,0,0,4,0,1,0

Ukraine,0,0,0,1,2,0,1,0

China,1,0,4,2,21,0,6,0

Ukraine,0,0,0,0,24,0,3,0

Poland,0,0,0,0,25,0,3,1

China,0,0,3,2,86,23,5,0

India,0,0,2,1,9,1,5,1

Ukraine,0,0,0,0,401,0,4,0

China,0,1,1,3,71,0,4,0

India,0,0,10,1,91,0,23,0

China,1,1,1417,27,482,4,87,0

China,0,0,0,0,6,0,11,0

India,0,0,0,0,0,2,5,0

India,1,0,2,0,72,0,12,0

Ukraine,0,0,2,2,56,0,9,0

India,0,0,0,0,5,0,2,0

China,0,0,1,2,12,0,39,1

India,0,0,0,0,2,0,7,1

China,0,0,2,9,33,0,9,0

China,0,0,2,3,0,0,1,0

India,0,0,0,0,7,0,3,0

India,1,0,0,0,3,0,2,0

Philippines,0,0,1,1,0,0,1,1

China,1,0,0,0,5,0,2,0

Poland,0,0,3,3,4,0,5,0

Philippines,1,0,0,0,0,0,1,1

China,0,0,2,1,10,0,15,1

Poland,0,0,0,0,1,0,1,1

India,0,1,47,5,37,0,45,0

China,0,0,0,0,0,0,2,0

China,0,0,0,0,0,0,2,0

China,0,0,0,0,2,0,2,0

China,0,0,3,3,3,19,4,0

China,0,0,0,0,2,0,2,0

China,0,0,0,1,0,0,2,0

China,0,1,0,0,5,0,3,0

China,0,0,0,0,0,0,2,0

China,0,0,0,0,2,0,2,0

China,0,0,2,0,18,0,16,1

China,0,0,0,0,2,0,2,0

China,0,0,0,0,0,0,2,0

Poland,1,1,5,5,61,0,6,1

China,0,0,0,0,0,0,1,0

China,0,0,0,0,18,0,2,1

Ukraine,1,0,1,0,9,0,6,1

India,0,1,0,0,1,0,1,0

India,0,1,60,13,187,45,34,1

China,1,0,0,0,1,0,2,1

Ukraine,0,1,0,0,13,0,4,0

Philippines,1,0,0,0,0,0,1,0

China,0,0,0,0,1,0,1,1

India,1,1,11,12,277,0,33,0

India,1,0,0,1,15,0,4,0

India,0,1,0,0,3,0,2,1

India,0,1,0,0,0,0,1,0

India,0,0,0,0,7,0,4,0

Philippines,0,0,1,0,90,0,7,0

China,0,1,0,0,0,0,1,0

Poland,1,0,0,0,80,0,1,0

India,0,1,2,2,0,0,4,0

India,1,0,4,12,22,0,16,0

India,0,0,0,0,0,0,1,1

China,0,1,0,0,90,0,32,0

China,0,0,0,0,1,0,2,0

Ukraine,0,0,2,3,59,24,16,1

China,0,1,0,0,0,0,1,0

India,0,0,0,0,3,0,4,0

India,0,0,0,0,0,0,2,0

Poland,0,0,0,0,4,0,2,0

China,0,0,0,0,2,0,2,0

India,0,1,0,1,1,0,1,0

Ukraine,0,0,1,1,26,0,3,0

India,0,0,0,0,0,0,1,0

China,1,0,6,11,18,0,6,0

Philippines,1,1,2,0,23,4,4,0

China,0,1,3,14,10,0,7,0

Poland,0,0,0,0,41,0,22,0

India,0,0,0,1,56,0,12,1

India,1,0,0,0,24,0,7,0

China,1,0,1,4,8,0,56,0

China,1,1,2,8,70,0,15,1

China,0,0,1,0,49,0,5,0

Ukraine,1,1,0,0,0,0,42,0

India,0,0,0,0,15,0,7,0

India,1,0,3,5,32,0,11,0

China,0,0,2,1,210,0,47,0

India,0,0,1,9,5,0,7,0

India,0,0,2,8,66,1,17,1

India,0,0,0,0,3,0,3,1

India,1,0,4,3,64,0,11,0

Poland,0,0,0,0,2,0,6,0

China,0,0,6,20,3,0,1,0

China,1,0,0,0,2,0,1,0

India,0,1,6,8,189,0,13,1

India,0,0,0,0,0,0,1,0

China,0,1,0,0,0,0,3,0

Poland,0,0,0,0,3,3,3,0

Poland,0,0,1,1,93,0,25,0

Poland,0,0,0,1,6,0,1,0

India,0,0,0,0,7,1,4,0

China,0,0,0,0,48,0,4,0

China,0,0,0,0,40,0,15,0

China,0,0,0,13,9,0,14,0

Ukraine,0,1,0,0,20,1,34,0

Philippines,0,0,0,0,10,0,23,1

India,1,1,8,6,214,0,9,0

China,0,1,0,0,0,0,3,0

Poland,0,0,0,0,10,0,1,0

Poland,0,1,0,0,19,3,2,0

Philippines,0,0,0,0,3,0,1,0

China,0,0,1,0,83,0,10,0

China,0,0,2,0,0,0,9,0

India,0,0,0,1,0,0,1,0

India,1,0,0,2,15,0,5,0

China,1,0,0,0,0,0,5,0

India,1,0,1,10,3,1,1,0

China,1,0,0,0,70,0,4,0

India,1,0,1,7,49,0,16,0

Poland,1,0,0,0,157,0,5,0

China,0,0,0,0,3,0,1,0

China,1,1,26,32,253,0,42,0

India,1,1,12,114,27,15,181,1

India,0,1,1,0,29,0,8,0

India,0,0,0,0,0,0,2,0

Ukraine,0,0,0,0,0,0,1,0

India,0,1,0,1,26,0,13,0

China,1,1,0,1,14,0,5,0

China,1,1,2,11,58,0,14,0

Poland,0,1,7,8,8,2,24,1

India,0,0,0,1,10,0,5,0

China,0,1,5,7,73,0,10,0

China,0,0,3,1,4,0,2,0

India,0,0,0,0,2,0,2,0

Poland,1,1,0,0,72,0,8,1

China,1,0,0,0,30,0,4,0

India,0,0,0,0,3,0,2,1

Ukraine,0,0,0,0,1,0,1,0

Ukraine,1,0,0,0,0,0,7,0

China,0,0,0,0,18,0,3,0

China,0,0,1,1,26,2,12,0

India,1,0,1,6,21,0,5,0

China,0,1,0,1,52,0,4,1

India,0,0,0,0,14,0,9,0

Ukraine,0,0,0,0,1,0,2,1

China,0,0,0,0,7,0,2,0

China,0,0,0,0,0,0,1,0

Poland,0,0,1,10,142,9,16,0

China,0,0,2,22,87,0,18,0

Poland,0,0,0,0,18,0,1,0

India,0,0,0,0,0,0,1,1

China,0,0,9,2,372,0,10,0

India,0,1,0,0,6,0,1,0

Poland,1,1,0,0,0,0,12,0

Poland,0,0,1,0,23,0,4,0

Ukraine,0,0,0,0,109,0,23,1

China,0,0,1,2,35,0,15,1

India,1,0,0,8,0,0,10,0

Poland,0,1,16,23,691,0,37,0

India,0,0,0,0,178,0,15,0

India,1,1,1,1,24,0,3,1

Ukraine,0,1,0,0,2,0,1,0

India,0,1,0,0,62,0,25,0

India,0,0,0,0,1,0,3,1

China,1,0,0,0,13,0,6,0

Ukraine,0,0,1,2,10,0,18,0

China,0,1,10,41,287,6,132,1

India,1,0,10,0,4,0,5,1

India,0,1,0,0,1,0,1,0

India,0,0,1,0,21,0,14,0

India,0,0,0,0,3,0,2,0

Ukraine,0,1,2,0,89,2,11,0

China,0,0,0,0,0,0,7,0

Ukraine,0,0,0,0,0,0,1,0

China,0,0,1,2,0,0,5,1

China,0,0,1,1,198,0,10,0

China,0,1,0,0,1,0,1,0

India,0,0,0,0,0,0,2,0

India,0,1,0,0,1,0,1,0

China,0,1,0,0,0,0,1,0

India,0,1,1,0,0,0,1,1

India,1,1,1,2,40,22,19,1

Ukraine,0,0,1,0,31,0,3,0

India,0,0,28,18,309,7,14,0

China,0,0,0,0,3,0,3,0

Philippines,0,0,0,0,27,0,14,0

India,0,1,0,0,0,0,1,0

China,0,0,4,5,69,1,22,0

China,0,0,0,9,59,0,7,0

India,0,0,1,0,0,0,1,1

India,0,0,1,0,0,0,1,0

India,1,1,0,0,0,0,1,0

India,1,1,0,0,1,0,3,0

China,1,1,0,2,0,0,6,0

India,0,0,0,0,0,0,1,0

China,1,1,6,15,83,0,37,0

India,0,1,1,8,35,0,10,1

India,0,0,1,1,4,0,4,0

Poland,0,0,1,2,67,0,6,0

China,1,1,36,3,792,0,8,1

Poland,0,1,0,0,2,0,1,0

China,1,0,4,4,60,1,35,0

China,0,0,0,0,177,0,36,1

China,0,0,3,0,4,0,15,0

China,1,1,0,0,0,0,3,1

India,0,0,0,0,2,0,2,0

China,0,0,0,1,0,0,1,0

Philippines,1,0,0,2,0,0,3,0

India,0,0,0,2,5,0,5,0

India,1,1,22,51,196,1,12,0

Poland,0,1,0,0,0,0,1,0

Philippines,0,0,0,0,1,2,4,0

China,0,0,0,1,2,0,4,1

China,1,0,0,0,0,0,3,0

Ukraine,0,1,1,2,268,0,3,1

India,1,0,0,0,2,1,27,1

India,0,1,0,0,1,0,1,0

India,1,0,0,0,2,0,1,0

India,1,0,0,1,13,1,7,1

Ukraine,0,0,0,2,0,1,2,0

China,0,0,5,19,45,0,38,1

Ukraine,0,0,0,0,3,0,2,0

India,0,0,0,0,2,0,9,0

India,0,1,0,1,3,1,1,0

Ukraine,0,0,0,1,12,0,3,0

Poland,0,0,0,1,45,0,2,0

Ukraine,0,0,0,0,2,0,2,0

Ukraine,0,0,3,6,0,1,43,0

India,0,0,0,0,1,0,1,0

India,0,1,0,0,4,0,3,1

India,1,1,19,32,784,0,42,1

Poland,0,1,1,3,4,0,2,0

China,0,0,1,1,5,0,1,0

Ukraine,0,0,1,1,95,0,12,0

India,0,1,0,1,40,0,3,1

India,1,0,5,17,142,0,12,1

India,0,0,0,0,0,0,2,0

Poland,0,0,0,0,52,0,4,0

China,0,0,0,12,11,1,49,0

India,0,1,0,0,39,0,5,1

Poland,1,1,0,1,33,5,6,0

Ukraine,0,0,0,0,3,0,1,0

India,0,0,2,9,48,1,44,0

Poland,0,0,5,2,5,1,5,0

India,0,0,6,4,3,0,5,0

Ukraine,0,0,1,3,4,0,4,0

India,0,0,0,0,3,0,2,0

China,0,0,136,19,283,0,11,1

China,1,0,0,2,285,11,6,0

India,0,0,0,0,0,0,2,1

Philippines,1,0,0,2,22,0,10,1

India,0,0,0,0,41,0,3,1

India,0,0,0,0,0,0,1,0

India,1,1,1,0,63,7,3,0

India,0,0,0,0,4,0,2,0

China,1,0,5,0,256,0,37,0

India,0,1,0,0,0,0,1,0

Ukraine,0,0,1,0,1,0,1,0

Ukraine,0,0,0,1,0,0,4,0

Poland,1,1,0,0,0,0,1,0

Poland,1,1,0,0,0,0,41,0

India,1,1,2,3,150,16,21,1

China,1,1,1,5,246,0,14,0

Ukraine,0,0,0,0,0,0,4,0

India,1,0,1,0,92,0,2,0

China,0,0,2,1,2,0,4,0

China,1,0,2,4,4,0,7,0

China,0,1,0,5,3,2,9,0

China,0,0,0,0,6,0,4,0

India,1,0,0,0,37,0,4,0

China,0,0,0,0,20,0,3,0

India,0,0,1,0,3,0,1,0

India,0,0,0,0,0,0,4,0

Ukraine,0,0,1,1,46,11,7,0

India,0,0,23,56,269,0,18,0

China,0,0,1,5,1,0,12,0

India,0,0,5,6,9,0,4,1

Poland,1,0,1,1,66,1,1,1

China,1,0,1,0,349,0,8,1

India,1,0,0,0,11,0,2,0

India,1,1,0,0,0,0,1,1

India,0,0,0,0,0,0,1,0

China,0,1,22,39,778,5,20,0

India,0,0,1,0,0,0,10,1

India,0,0,2,10,78,1,5,0

Poland,0,1,0,0,233,9,6,0

Ukraine,0,0,0,0,0,0,1,0

China,0,1,5,11,0,0,6,0

China,1,1,10,11,56,0,7,0

Ukraine,0,0,3,0,503,1,33,0

China,1,1,0,0,0,0,1,0

India,0,0,1,1,10,0,4,1

Philippines,0,1,0,0,4,0,2,1

India,0,0,0,0,2,0,2,1

Ukraine,0,0,2,0,17,2,14,0

China,0,1,2,22,77,0,10,0

Philippines,1,0,8,14,70,2,15,0

India,0,0,1,2,0,0,7,0

India,0,0,1,2,228,11,51,1

India,0,1,0,0,9,0,4,0

India,1,0,0,0,71,0,13,1

Ukraine,1,0,0,0,0,0,9,0

Ukraine,0,0,0,0,28,1,4,0

India,0,1,0,0,0,0,2,0

China,0,0,0,0,1,0,3,0

Ukraine,0,0,0,0,65,0,11,0

India,1,0,1,1,49,0,3,0

Poland,1,1,2,3,134,0,3,0

Poland,0,0,0,0,0,0,1,0

India,0,0,2,0,73,0,25,1

Philippines,0,0,10,23,417,2,32,0

Ukraine,0,0,4,7,15,1,3,0

Ukraine,0,0,1,1,0,0,1,0

China,1,0,0,0,11,0,13,0

Ukraine,1,1,1,0,28,0,11,0

India,0,1,0,0,0,0,4,0

India,0,1,0,0,0,0,5,0

China,1,0,0,9,69,0,5,0

India,0,0,0,0,47,1,8,0

Poland,0,0,1,3,0,0,2,0

China,0,0,0,0,5,0,2,0

Poland,0,1,2,3,2,0,1,0

Poland,0,1,0,0,0,0,1,0

India,0,0,0,5,129,6,60,0

India,0,0,0,0,0,0,15,0

China,0,0,0,0,11,0,12,0

Ukraine,0,1,7,3,66,0,18,0

India,0,0,0,1,0,0,1,0

India,0,0,12,10,8,1,5,0

Philippines,0,0,0,0,18,0,3,0

Ukraine,0,0,1,3,37,1,5,0

India,1,1,1,0,142,6,19,0

India,0,0,0,0,0,0,1,0

China,0,0,3,12,14,0,5,0

China,0,0,0,0,0,0,1,0

Ukraine,0,0,2,0,45,3,8,1

China,0,0,0,0,0,0,1,0

China,0,0,3,3,10,0,3,0

China,1,0,7,28,36,0,12,0

China,0,0,3,3,15,0,6,0

India,1,1,4,13,109,0,5,0

India,1,0,0,0,4,0,1,1

China,1,0,1,2,307,0,15,0

China,0,0,0,3,32,0,2,0

Philippines,0,0,1,0,10,0,3,1

China,0,0,7,18,37,0,16,0

China,0,1,1,1,7,1,43,0

India,0,0,0,1,7,0,2,1

China,1,0,2,7,271,0,23,0

China,0,0,0,0,8,0,2,0

India,1,1,0,0,0,0,1,0

Poland,0,0,1,0,12,0,2,0

India,0,0,0,0,160,0,11,0

China,0,1,10,21,85,1,486,0

India,0,0,0,5,165,2,11,1

India,1,1,7,4,740,5,483,1

India,1,1,0,0,0,0,1,0

India,1,0,0,0,7,0,2,1

Poland,1,1,0,0,0,0,15,0

China,0,1,3,24,0,0,19,0

China,0,0,2,6,43,0,1,0

China,1,1,1,1,47,0,3,0

Poland,0,0,0,0,312,0,2,0

China,0,0,2,3,193,0,11,0

Poland,0,0,1,1,13,0,1,0

India,0,0,0,1,95,1,13,0

China,1,1,0,0,0,0,1,0

India,1,1,0,0,0,0,1,0

China,0,0,2,2,357,0,25,0

India,0,1,0,0,0,0,1,1

Philippines,1,0,0,1,3,0,1,0

Philippines,0,0,0,0,2,0,1,0

Poland,0,0,0,0,20,0,2,0

Ukraine,0,1,1,1,0,0,3,0

India,0,0,0,0,20,1,3,0

India,0,0,0,0,26,0,15,0

India,0,0,0,0,0,0,3,0

China,1,1,37,63,297,2,98,1

Poland,1,0,0,0,6,0,1,0

India,1,0,0,0,5,0,1,0

Philippines,0,0,0,0,0,0,1,0

India,0,1,0,5,0,0,1,0

India,0,1,0,0,1,0,2,0

China,1,1,0,0,1,0,1,0

China,0,0,0,0,17,0,2,0

Ukraine,1,0,0,0,16,0,4,0

India,0,0,0,0,8,0,4,1

India,0,1,0,2,15,0,4,0

India,0,1,3,3,59,0,9,1

India,1,0,0,0,0,0,1,1

China,0,0,3,0,78,0,20,0

India,1,0,0,0,11,0,4,0

India,0,0,0,0,0,0,5,0

India,0,0,2,9,26,0,12,0

India,0,0,2,0,3,0,8,0

China,1,0,0,0,13,0,2,0

India,1,0,0,0,4,0,1,0

India,1,0,1,6,1,0,3,0

China,1,1,0,0,0,0,1,0

India,0,0,0,0,21,0,18,0

China,1,1,85,4,233,1,12,0

India,0,0,0,0,2,0,2,0

China,0,1,2251,1,17,0,2,0

Ukraine,1,1,2,4,1,0,5,0

India,1,1,0,0,0,0,1,1

Poland,1,1,7,7,93,0,14,1

Ukraine,0,0,0,0,40,0,6,0

India,0,0,0,0,0,0,1,0

India,0,0,1,10,3,0,6,1

China,0,0,0,0,2,0,2,0

China,0,0,0,0,2,0,1,0

Philippines,1,1,0,0,35,0,4,1

India,0,0,1,1,1,0,1,0

China,1,0,0,0,5,0,4,0

India,0,1,0,0,0,0,1,0

China,1,1,0,0,8,0,6,0

Poland,0,1,0,0,61,8,14,0

Poland,0,1,0,0,3,0,2,0

China,0,0,3,3,1,0,1,0

India,0,0,3,2,1,0,3,0

China,1,1,0,0,0,0,24,0

China,0,1,0,1,32,0,55,0

Ukraine,0,0,0,0,63,0,1,0

Poland,0,0,0,0,264,1,6,0

India,0,0,0,0,1,0,1,0

India,1,1,7,12,340,0,34,1

China,1,1,16,197,127,0,341,1

Poland,0,0,0,0,88,0,2,0

China,0,0,6,22,21,0,28,0

Poland,0,1,0,0,1,0,4,0

China,0,0,0,0,0,0,1,1

China,1,0,0,0,0,0,5,0

India,0,0,0,0,1,0,2,0

India,0,1,3,3,9,0,5,1

Philippines,0,1,0,0,0,0,1,0

Philippines,0,1,5,2,48,2,10,1

Ukraine,0,1,1,0,0,1,1,0

India,0,0,1,1,0,0,28,1

Ukraine,0,0,3,2,152,0,3,0

India,0,1,6,0,80,21,20,0

China,1,0,1,6,10,0,15,0

China,0,0,1,10,1,0,34,0

India,0,0,1,0,35,0,4,0

China,1,1,5,5,51,0,8,0

China,0,1,0,0,0,0,6,0

India,1,0,0,0,0,0,1,0

China,0,0,4,1,20,0,6,0

India,0,1,0,1,225,0,22,1

India,0,0,0,0,89,1,17,0

Philippines,0,1,0,0,0,0,4,0

Philippines,0,0,0,0,123,0,1,0

China,0,1,2,14,39,0,45,0

China,1,1,1,0,271,0,3,0

Poland,0,0,0,0,0,0,1,0

China,0,0,0,0,46,0,44,0

Poland,0,0,1,0,24,0,6,1

India,0,0,1,0,479,0,4,0

Poland,1,0,0,0,7,0,4,0

India,0,1,0,0,0,0,1,1

India,1,1,7,5,22,0,6,1

India,0,1,0,0,12,0,4,0

China,0,1,0,1,8,0,1,0

China,0,0,0,0,35,0,4,0

India,0,0,4,4,0,0,16,0

China,1,0,2,4,14,0,6,0

China,1,0,1,1,35,0,20,0

Ukraine,0,0,0,0,2,0,1,0

China,0,0,3,4,5,0,4,1

India,0,0,0,0,0,0,1,0

India,1,1,0,1,9,0,6,0

Philippines,0,0,0,1,0,0,1,0

Ukraine,0,1,7,1,52,0,2,0

India,1,1,0,0,0,0,201,0

China,0,0,0,0,1,0,1,0

Ukraine,0,0,1,8,99,0,16,0

India,1,1,9,17,54,2,29,1

Philippines,0,1,1,2,69,0,2,0

Poland,0,0,0,0,0,0,1,0

Ukraine,0,0,0,0,2,0,1,0

China,0,0,0,0,0,0,1,1

India,0,0,0,5,0,4,3,1

India,1,0,0,1,1,0,1,0

India,0,0,0,0,3,0,3,0

China,1,1,1,1,11,0,3,0

India,0,1,0,1,0,0,1,0

Poland,0,0,0,0,161,0,7,0

India,0,0,0,0,23,0,9,1

China,1,0,0,0,1,0,1,0

Philippines,1,1,6,7,557,0,10,1

Ukraine,0,0,6,2,73,0,3,0

India,1,0,0,2,11,0,4,0

India,0,1,0,0,3,0,1,0

India,1,0,1,0,3,0,4,0

China,0,0,0,0,128,0,2,0

India,0,0,7,81,5,0,17,0

Ukraine,1,0,1,4,46,0,8,0

Ukraine,0,0,0,0,30,0,3,1

Philippines,0,1,0,0,2,0,4,1

India,0,1,33,8,51,17,927,0

China,1,1,1,1,19,0,12,0

Philippines,1,1,0,0,19,0,3,1

Poland,0,0,0,1,49,2,28,0

India,0,1,8,21,135,1,36,0

Ukraine,0,0,8,4,226,6,16,0

India,0,0,6,4,97,3,26,0

Poland,0,1,49,0,290,0,5,1

Poland,0,0,2,0,16,0,3,0

India,0,1,18,4,639,3,24,1

India,0,1,0,0,18,0,4,1

India,1,0,4,0,51,0,4,1

India,0,0,0,0,5,0,7,0

China,1,0,1,0,35,1,5,0

China,0,0,0,0,1,0,2,0

China,0,0,0,0,1,0,1,0

China,0,0,0,0,1,0,6,0

China,0,0,0,0,4,0,4,0

China,0,0,2,5,1,3,22,0

Poland,0,1,0,0,20,0,4,0

China,0,0,0,0,9,0,12,0

China,0,0,0,0,1,0,15,0

India,0,0,0,2,1,0,1,0

China,0,0,5,35,2,0,161,0

India,0,0,1,0,1,0,3,0

India,0,0,0,1,41,0,1,0

Ukraine,0,0,7,2,474,0,14,0

Poland,0,1,0,0,231,0,15,0

India,0,1,24,31,80,10,18,1

India,0,0,0,0,25,0,1,0

India,1,0,0,0,5,0,3,0

Philippines,1,1,15,17,228,9,33,0

Ukraine,0,0,3,0,133,0,18,0

India,0,0,0,0,0,0,1,1

China,0,1,31,2,104,0,13,0

China,1,0,1,6,0,0,14,0

China,1,0,10,26,343,0,23,0

Philippines,1,0,4,10,17,0,8,0

India,0,0,0,0,0,0,1,1

Ukraine,0,0,0,1,32,0,2,1

China,0,1,8,2,147,0,1,1

China,0,1,0,0,0,0,1,0

Poland,0,0,0,0,3,0,1,0

Poland,0,0,8,2,334,0,50,0

China,0,0,2,2,19,0,5,0

India,0,1,1,3,14,1,11,0

China,0,0,1,3,12,0,4,0

India,0,0,0,0,0,0,1,1

Poland,1,0,0,4,283,0,77,1

Ukraine,1,1,7,21,15,2,5,1

Ukraine,0,0,1,0,7,0,1,0

China,0,0,1,4,0,0,1,0

India,0,0,3,9,2,1,2,0

Ukraine,0,0,0,0,3,1,1,0

India,1,1,73,32,262,22,44,1

India,0,0,0,0,1,0,1,0

China,1,0,0,3,3,0,4,0

China,0,1,6,8,79,0,16,0

Poland,1,1,18,26,350,0,29,1

Ukraine,0,0,0,0,29,0,3,0

India,1,0,7,17,52,2,14,1

India,1,1,0,0,6,1,1,0

Poland,0,0,0,0,1,0,1,0

China,0,0,0,0,10,0,2,0

China,0,1,1,2,16,0,2,1

India,0,0,0,4,6,0,4,1

China,1,0,1,0,18,0,6,0

China,1,1,4,4,14,0,19,0

Ukraine,0,0,0,0,21,0,4,0

Philippines,0,0,2,1,81,0,5,0

China,1,0,0,0,3,0,1,0

India,0,0,1,0,12,0,2,1

Ukraine,0,0,1,4,0,0,1,1

India,0,0,0,0,29,0,10,0

Ukraine,0,1,0,0,7,0,2,0

China,0,0,4,25,0,0,4,0

India,0,0,3,0,137,0,12,0

Ukraine,1,1,23,29,365,0,38,0

India,0,1,0,0,5,0,6,1

Poland,0,0,7,11,4,1,3,1

Ukraine,0,0,0,0,7,0,1,0

China,1,1,0,0,0,0,1,1

China,1,1,0,5,0,0,10,0

Philippines,1,1,0,0,8,0,4,0

India,0,1,0,0,6,0,4,1

China,0,0,0,1,0,0,3,0

India,0,0,0,0,1,0,1,0

India,1,0,0,0,19,0,3,0

Poland,0,0,4,33,196,25,26,0

India,0,1,0,0,0,0,1,0

India,1,0,0,0,0,0,1,0

Poland,0,0,0,2,138,0,5,0

Poland,0,0,2,5,0,0,1,0

India,0,0,0,0,2,0,2,0

India,1,0,0,0,8,0,11,0

Poland,1,1,3,3,674,2,4,0

China,0,0,0,0,2,0,1,0

China,1,0,49,177,714,4,44,0

China,0,0,0,0,27,0,3,0

China,0,1,0,2,6,0,14,0

China,0,0,7,44,3,0,15,0

Philippines,0,0,8,4,381,0,14,0

India,0,0,1,2,25,0,9,0

China,1,1,0,0,19,0,5,0

Philippines,1,1,0,0,1,0,1,0

India,1,1,2,0,118,0,4,1

China,0,0,0,4,18,0,7,0

Philippines,0,1,0,0,0,0,32,0

India,0,0,1,5,8,0,8,0

Poland,0,0,5,0,10,0,5,0

Poland,1,0,0,0,13,0,2,0

China,1,1,1,0,2,0,1,1

Ukraine,0,0,0,0,3,0,1,0

Philippines,0,1,0,0,14,0,9,1

India,0,0,1,0,7,0,3,0

China,1,1,54,125,140,0,26,0

India,1,0,0,1,0,0,1,1

Poland,0,0,0,1,42,5,28,1

Poland,0,0,1,5,0,0,2,0

Poland,0,0,0,1,1,0,1,0

China,0,0,0,0,0,0,2,0

China,0,1,0,0,4,0,7,0

India,0,0,0,1,2,0,1,0

India,0,1,4,0,31,0,2,0

India,0,0,0,1,6,0,2,0

India,0,0,0,0,1,0,1,0

India,1,1,1,1,19,0,5,0

India,0,1,0,0,1,0,1,0

Ukraine,1,1,2,2,42,1,13,1

China,0,0,0,1,3,0,5,0

China,0,0,17,26,202,2,46,0

Philippines,0,1,9,239,3,0,2,1

India,0,0,0,0,6,1,21,1

China,0,0,9,12,46,1,16,1

China,1,0,0,0,0,0,1,0

India,1,0,0,0,15,0,4,0

Poland,0,0,0,1,0,0,1,1

Ukraine,0,1,9,0,42,11,19,0

China,0,0,0,5,73,0,2,0

Ukraine,0,0,0,0,0,0,1,0

China,1,0,1,14,13,0,2,1

India,0,0,3,25,8,1,8,0

China,0,1,1,2,16,0,5,0

China,0,1,0,0,1,0,2,0

India,0,1,0,1,25,0,8,1

India,0,1,2,0,1,0,1,1

China,1,0,2,23,55,0,4,0

India,0,0,0,0,0,0,1,0

India,0,1,0,0,87,0,27,0

Poland,0,0,0,0,22,0,1,0

India,0,1,0,0,0,5,3,0

India,1,0,0,0,53,0,16,0

China,0,0,0,0,9,0,1,0

China,0,0,2,0,0,0,1,0

India,0,0,0,0,0,0,1,1

India,0,0,0,0,1,0,3,0

India,0,0,21,5,32,0,18,0

Ukraine,0,0,0,0,41,0,8,0

Ukraine,0,1,0,0,4,0,6,0

Poland,1,0,1,5,149,0,5,0

India,0,0,2,3,32,0,10,0

China,0,0,2,2,3,0,6,0

India,1,0,0,0,20,0,10,1

China,0,1,1,1,16,0,13,0

India,0,0,0,3,0,0,1,0

China,1,0,1,3,75,0,3,0

India,1,0,0,1,12,2,5,0

India,1,0,0,0,0,0,3,0

India,0,0,0,0,5,0,2,0

Philippines,0,0,0,0,27,0,3,0

India,0,0,6,1,2,2,79,0

China,1,0,0,0,0,0,1,0

India,0,0,0,1,10,0,1,0

India,1,1,0,0,3,0,2,0

Ukraine,0,0,1,1,21,0,7,0

Ukraine,1,0,2,6,115,2,12,0

China,0,1,0,0,0,0,1,0

India,1,1,1,4,38,0,23,1

India,1,0,0,0,6,0,2,1

India,0,0,2,11,10,1,152,0

Ukraine,0,0,0,0,413,0,8,0

India,1,1,0,0,10,7,1,0

Ukraine,1,0,3,0,41,2,1,1

India,1,0,0,0,3,0,5,0

China,0,0,0,0,121,0,2,0

India,0,0,0,0,1,0,1,0

China,1,1,10,9,295,2,26,0

China,0,0,0,0,7,0,4,0

China,1,0,6,12,30,0,11,0

Poland,1,0,0,0,21,0,10,0

India,0,0,0,0,0,0,1,0

Poland,0,1,6,15,444,3,11,1

India,1,0,0,1,0,0,1,0

China,0,1,8,6,6,1,170,0

India,1,0,0,0,14,0,6,1

India,0,0,0,0,3,0,5,1

China,0,0,4,0,167,2,11,0

Philippines,1,0,1,1,39,0,6,0

China,1,1,3,9,234,0,43,0

India,0,0,1,2,58,0,3,0

Poland,0,0,0,0,8,0,5,0

China,0,0,1,0,2,0,8,0

India,1,0,0,0,1,0,1,0

Poland,1,1,0,2,64,1,7,0

India,1,1,0,0,1,0,3,0

China,0,1,5,9,31,0,19,0

Philippines,1,0,0,0,3,0,2,0

Poland,0,0,5,5,310,0,10,0

India,0,1,0,0,1,1,2,0

India,1,1,42,79,400,0,34,1

India,0,1,2,18,3,0,2,1

India,1,0,0,1,66,0,28,0

Ukraine,0,0,1,0,78,0,1,0

Ukraine,0,0,0,0,78,0,10,0

China,0,1,12,5,168,1,14,0

India,0,1,0,0,3,0,1,0

China,0,0,0,0,25,0,11,0

China,1,0,2,4,26,0,9,0

Ukraine,1,0,2,0,43,0,6,0

India,0,0,0,0,11,0,12,0

Poland,0,0,1,1,100,0,12,0

India,1,0,0,0,3,0,1,0

Poland,0,0,0,0,40,0,4,0

Philippines,1,0,3,13,870,1,7,0

India,0,0,0,0,0,0,3,0

China,1,0,0,0,203,0,12,0

China,0,1,2,1,17,0,20,1

Poland,0,0,1,0,0,0,1,0

India,0,0,0,0,12,0,1,0

China,1,1,0,0,0,0,4,0

Poland,0,1,0,2,33,2,30,0

China,1,1,11,54,184,7,232,1

China,1,0,1,1,0,0,3,0

China,1,0,2,0,122,0,5,0

China,1,0,3,1,25,0,97,1

India,1,0,1,0,0,0,2,1

China,0,0,0,1,37,44,434,0

China,0,0,0,2,0,0,1,0

China,1,0,0,3,10,3,24,0

China,0,1,4,0,237,0,17,0

India,0,0,2,2,27,0,5,0

India,0,0,0,0,1,0,2,0

India,0,0,0,0,1,0,1,0

Poland,0,1,0,0,1,1,1,1

India,1,1,0,0,10,0,2,0

China,0,0,2,2,2,0,6,0

India,1,0,0,6,11,0,15,1

India,0,0,0,0,21,0,15,0

India,0,0,0,0,4,0,4,0

India,0,0,0,0,0,0,1,0

China,1,0,0,0,18,0,12,0

India,0,1,2,1,121,10,95,0

Poland,1,0,1,3,17,0,8,0

China,0,0,0,0,4,0,10,0

China,1,1,1,1,153,0,9,0

Philippines,0,0,1,0,0,0,1,0

China,1,1,1,9,18,0,7,0

India,1,0,9,18,20,0,5,0

India,1,0,0,0,8,0,2,1

China,1,1,0,0,2,0,1,0

India,1,0,0,2,9,0,4,0

India,1,1,9,0,217,1,21,1

India,1,0,0,0,21,0,7,0

China,0,1,2,4,16,0,7,1

India,0,1,0,0,0,0,1,0

India,1,1,4,2,121,5,19,0

China,0,0,1,0,339,0,11,0

India,0,1,0,0,0,0,1,0

China,0,0,0,1,0,0,1,0

China,0,0,3,2,31,3,18,0

Ukraine,1,1,4,2,245,8,25,1

Ukraine,1,0,5,9,12,0,3,0

China,0,0,2,0,33,0,5,0

China,0,0,3,16,0,1,213,0

China,1,0,0,1,18,0,6,0

India,0,0,0,1,33,0,17,1

Philippines,0,0,0,0,5,0,2,0

India,1,0,0,0,0,0,1,0

China,0,1,0,2,8,0,7,0

Ukraine,0,1,1,0,9,0,3,1

Poland,0,1,1,1,311,3,4,0

China,1,0,0,2,1,0,5,0

India,1,1,0,0,0,0,17,0

China,0,0,0,6,0,0,4,0

Ukraine,0,0,0,0,4,0,1,0

Ukraine,0,0,0,0,14,0,2,0

China,0,1,3,0,0,0,5,0

India,0,1,0,0,46,0,1,0

China,0,0,0,3,42,0,1,0

India,1,1,0,2,0,0,1,0

India,0,0,3,2,6,0,2,0

India,0,1,1,4,0,1,74,0

India,1,1,23,1,310,10,54,1

Ukraine,0,0,0,0,10,0,1,0

Ukraine,1,1,1,0,38,0,6,0

India,1,0,0,0,3,0,3,0

India,0,0,0,0,3,0,1,1

China,1,1,0,0,0,0,5,0

China,1,0,0,0,2,0,2,0

China,1,1,1,0,23,0,15,0

India,0,0,0,16,36,3,24,0

Philippines,0,1,2,0,6,0,28,1

India,0,0,0,0,3,0,4,0

India,0,0,0,12,9,1,12,0

India,1,0,3,1,21,0,3,0

India,0,0,0,11,14,0,11,0

India,0,1,0,2,25,0,7,1

India,1,0,0,0,3,3,5,0

India,0,0,0,1,1,0,6,0

China,1,0,1,1,41,0,12,0

China,0,1,1,3,7,0,27,0

Poland,0,0,0,0,30,0,6,0

China,1,0,1,1,1,0,3,0

Ukraine,0,1,1,0,0,0,1,0

China,0,1,0,1,2,0,2,1

India,1,0,0,0,0,0,1,0

India,0,0,0,0,0,0,1,0

China,1,0,0,0,1,0,2,0

India,0,0,0,0,5,0,2,1

India,0,0,0,1,1,0,4,1

India,0,0,0,0,2,0,3,1

Philippines,0,0,0,0,1,0,1,0

China,0,0,0,1,35,0,16,1

Poland,1,0,9,5,325,1,22,1

India,0,0,0,0,3,0,2,0

China,0,0,1,0,45,0,1,0

Philippines,0,0,0,0,0,0,6,0

China,0,1,0,0,29,0,3,1

Ukraine,0,1,2,1,18,0,9,0

China,0,0,17,27,76,0,24,0

China,0,1,4,19,12,0,12,1

China,0,1,12,15,23,0,44,0

India,0,0,0,0,17,0,4,0

India,0,0,0,0,28,0,3,0

China,0,1,1,0,45,0,15,1

India,1,0,3,15,25,1,9,0

Poland,0,0,0,0,22,0,3,0

India,1,1,0,1,8,0,3,0

India,1,0,0,0,0,0,1,0

China,1,0,0,0,4,0,1,0

India,1,0,0,0,0,0,1,0

India,0,0,0,0,3,0,2,0

India,0,1,0,0,1,0,1,0

China,1,0,15,19,470,0,11,0

India,0,0,17,26,242,9,53,0

Philippines,0,0,0,0,0,0,1,1

Ukraine,0,0,1,1,132,1,6,1

India,1,0,1,0,0,0,1,0

India,1,1,0,0,0,0,1,1

Ukraine,0,0,0,0,9,0,3,0

India,0,1,2,2,28,0,9,1

Poland,0,1,0,1,82,0,6,0

India,0,0,4,1,120,0,4,1

China,0,0,0,0,21,0,7,0

China,0,0,2,2,3,0,16,0

Philippines,1,1,0,0,0,0,9,0

Poland,0,0,0,0,0,0,1,0

China,1,1,0,12,671,0,13,1

China,1,1,0,1,26,0,22,0

India,1,0,1,2,183,0,21,1

India,0,0,1,0,65,1,14,1

Ukraine,0,1,0,0,228,0,6,0

India,0,0,1,0,29,0,2,0

India,1,0,0,0,9,0,5,1

China,1,1,0,0,0,0,43,0

India,1,1,152,0,220,0,24,1

China,1,0,1,8,30,0,18,0

Poland,1,0,0,2,2,0,1,0

India,0,0,0,1,8,0,9,1

China,0,0,0,0,2,0,3,0

India,0,0,1,1,3,0,5,0

India,1,0,0,0,2,0,1,0

India,0,0,0,0,6,0,7,0

India,0,0,0,0,8,0,1,0

China,1,0,2,4,2,0,3,0

India,0,1,0,0,7,0,5,1

India,1,1,0,0,0,0,3,0

India,1,1,9,2,439,0,52,1

Poland,0,1,3,1,60,0,6,0

India,0,0,0,0,7,0,1,0

Ukraine,0,1,120,54,132,4,14,0

India,0,0,0,3,0,0,1,0

Ukraine,0,0,0,0,16,0,4,0

India,0,0,1,3,1,0,5,0

China,1,1,7,11,78,0,24,0

Ukraine,0,0,3,0,0,1,8,0

India,0,1,2,12,423,25,277,0

India,0,0,1,3,5,0,3,0

India,0,1,0,1,4,0,1,0

Poland,0,0,0,0,17,0,1,0

Ukraine,0,0,3,0,0,0,4,1

China,0,1,3,1,1,0,1,0

China,0,0,1,3,0,0,4,0

China,1,1,2,2,66,0,9,0

Ukraine,1,0,0,11,19,1,21,1

India,0,0,1,8,6,0,4,0

India,1,0,1,3,4,0,2,0

India,0,0,5,0,178,0,3,1

India,0,0,0,0,1,0,2,1

India,0,0,5,6,64,0,12,1

India,0,0,0,0,14,0,5,0

India,1,0,0,1,23,0,16,0

Poland,0,0,0,0,1,2,8,1

China,1,0,1,0,0,0,1,0

India,1,0,0,0,121,0,9,1

India,0,0,0,1,8,0,9,0

Philippines,0,0,0,0,1,0,4,0

China,0,0,0,1,0,0,1,0

China,0,0,0,0,16,0,5,1

Poland,1,0,0,0,177,0,8,0

India,1,1,0,3,3,0,1,1

India,0,1,0,0,9,0,2,0

Philippines,1,0,0,0,5,0,7,0

India,0,0,4,2,66,1,18,1

China,0,0,0,0,1,0,2,0

China,0,0,0,6,2,0,2,0

China,1,0,0,1,3,0,3,0

India,0,1,2,2,52,0,5,0

China,0,0,0,0,5,0,2,0

India,0,0,0,0,2,0,2,0

China,1,1,0,0,44,0,8,1

China,1,1,0,1,14,0,2,0

India,0,0,0,0,0,0,2,0

India,0,0,0,0,22,0,12,0

China,1,0,2,8,2,0,6,0

India,1,1,0,0,0,0,2,0

China,0,0,5,6,5,0,7,1

Ukraine,0,0,0,0,1,0,1,0

Ukraine,0,0,2,0,3,0,2,0

China,0,1,0,0,15,0,2,0

Poland,0,0,0,0,24,0,5,0

China,0,0,3,1,16,0,4,0

Philippines,0,1,12,5,216,0,15,0

Philippines,0,1,0,0,18,0,7,0

China,0,0,0,0,0,0,1,0

China,0,0,1,1,0,0,4,0

India,0,1,0,0,0,0,1,0

Ukraine,1,0,0,0,0,0,4,0

Philippines,0,0,0,0,1,0,1,0

Poland,1,0,0,2,100,0,2,0

India,0,0,0,0,0,0,3,0

China,1,1,8,52,3,0,23,1

Poland,0,0,0,0,15,0,2,0

India,0,0,0,0,4,0,3,0

China,0,0,0,1,12,0,7,1

India,0,0,4,0,16,0,5,0

India,1,0,0,0,31,0,2,0

China,0,0,0,5,23,0,9,0

India,1,1,1,15,3,22,2,1

Ukraine,0,0,1,1,121,2,8,0

Ukraine,0,0,4,0,27,0,8,0

Ukraine,0,0,0,0,48,0,11,0

India,0,0,0,1,0,0,2,1

India,0,1,0,0,5,0,2,0

India,0,0,0,0,0,0,1,0

China,0,0,1,2,48,0,6,0

India,0,0,0,0,3,0,1,1

India,0,0,6,18,5,5,11,1

India,0,0,0,0,39,0,16,1

China,1,0,0,1,0,0,4,0

Poland,0,0,0,0,22,3,6,0

India,1,0,0,0,4,1,3,0

Philippines,1,0,0,0,13,0,4,0

Philippines,1,0,0,0,2,0,2,0

Ukraine,1,0,4,11,105,2,62,0

Poland,0,0,2,5,76,0,4,0

China,1,0,25,19,97,2,12,0

Ukraine,1,0,1,1,15,0,8,0

Poland,1,0,13,147,67,1,16,1

Ukraine,1,0,0,0,61,0,3,0

Poland,1,0,24,16,47,4,6,0

Ukraine,0,0,1,3,19,0,4,0

Poland,0,0,1,0,133,0,4,1

China,1,0,4,5,226,0,33,0

Ukraine,0,0,3,4,122,0,17,0

China,0,1,8,3,86,0,17,0

Philippines,1,1,0,1,11,0,4,0

China,0,0,4,13,0,0,4,0

Ukraine,1,1,0,0,0,0,5,0

Philippines,0,1,3,2,187,0,15,0

China,1,1,0,0,32,0,3,1

China,1,0,1,0,36,0,4,1

Poland,1,1,0,5,6,0,36,1

China,1,0,0,0,18,0,3,0

China,0,0,0,0,9,0,2,0

China,0,0,0,0,0,0,1,0

Philippines,0,0,0,0,3,0,1,0

China,0,0,0,0,1,0,2,1

Ukraine,0,0,1,3,44,0,18,1

China,0,0,5,1,128,0,41,0

China,0,0,0,0,3,0,8,1

China,0,1,1,10,9,0,8,0

China,0,0,0,2,3,0,5,0

Ukraine,0,0,8,14,0,1,5,0

Poland,1,1,1,1,6,0,1,0

China,0,0,0,0,8,0,6,0

China,0,0,0,0,0,0,1,0

China,0,0,0,0,0,0,1,0

China,0,0,0,0,25,0,3,0

China,1,0,1,27,36,0,31,0

China,0,0,5,43,2,0,15,0

China,0,1,1,4,1,0,2,0

Ukraine,0,1,6,5,36,6,11,0

Poland,1,1,0,0,2,0,4,0

China,0,0,1,4,6,0,22,1

China,1,0,70,28,205,14,17,1

China,0,1,0,0,4,0,2,1

China,0,0,0,0,0,0,1,0

Poland,1,1,0,0,0,0,1,0

China,1,0,0,1,4,0,5,0

Philippines,1,0,1,0,0,0,1,0

China,1,0,17,3,845,8,70,1

Ukraine,0,1,0,0,0,0,2,0

China,1,1,10,7,59,0,31,1

China,0,1,1,1,41,0,10,0

China,0,1,4,2,78,1,54,1

Poland,0,0,0,0,0,0,2,0

China,0,0,35,76,101,0,13,1

Ukraine,0,0,0,2,3,0,1,0

Poland,0,0,0,0,102,0,10,0

China,1,0,0,0,3,0,1,0

China,1,1,0,2,7,0,1,1

Poland,0,0,7,2,5,0,12,0

China,1,0,1,6,95,0,6,0

Ukraine,0,0,5,7,27,0,6,1

Ukraine,0,1,0,0,0,0,6,0

Poland,0,0,2,4,267,1,8,0

Poland,0,0,3,3,79,0,21,1

Poland,0,1,4,2,174,0,15,1

Ukraine,0,0,0,1,24,1,14,0

Poland,1,1,4,0,106,0,7,0

China,1,0,1,30,68,0,15,0

China,1,1,9,0,26,0,20,0

Ukraine,0,0,1,1,27,0,11,0

Ukraine,0,1,2,4,241,1,9,0

Philippines,0,0,0,0,5,0,3,1

China,0,0,1,0,0,0,1,0

Ukraine,0,0,0,0,0,0,2,0

China,1,0,0,1,384,0,22,0

China,0,0,3,4,67,0,8,0

Poland,0,0,28,41,692,13,22,0

Ukraine,0,1,0,0,0,0,1,0

Ukraine,0,0,1,1,24,0,10,0

Ukraine,0,0,0,0,71,0,4,0

China,1,0,1,0,61,0,8,0

China,1,0,2,13,112,0,12,1

Poland,1,1,1,0,63,0,5,0

China,1,0,0,0,33,0,4,0

Philippines,1,0,0,8,18,0,18,0

Ukraine,0,0,2,0,25,0,8,0

Poland,0,1,3,0,16,0,5,1

Philippines,0,0,0,0,6,0,2,0

Ukraine,0,0,1,2,8,0,3,0

Ukraine,0,0,0,0,3,1,1,1

Ukraine,0,1,0,0,5,0,2,0

Ukraine,0,1,0,0,3,0,3,0

Ukraine,0,0,5,1,20,0,8,0

Philippines,0,0,0,0,0,0,1,0

China,1,1,2,1,5,0,7,1

China,0,0,0,9,351,0,96,0

China,0,0,2,3,109,0,10,0

Poland,0,1,0,0,8,0,2,0

Ukraine,0,1,0,2,116,1,5,0

China,0,1,1,1,3,0,4,1

China,0,0,1,1,6,0,2,0

Poland,1,0,0,0,47,0,17,0

China,0,0,1,1,28,0,6,0

China,1,1,0,0,0,0,27,0

China,1,0,15,13,148,0,17,0

China,1,1,16,5,252,0,10,0

China,0,1,51,64,830,0,41,1

Ukraine,0,0,0,0,10,0,3,0

Poland,1,0,0,0,122,4,6,0

Philippines,1,1,7,23,0,0,3,1

Poland,1,1,0,0,0,0,5,0

Ukraine,0,0,1,0,9,0,2,0

China,1,0,91,18,243,0,17,0

China,0,0,26,15,318,0,139,0

Philippines,1,0,0,0,3,0,1,0

Ukraine,0,0,1,0,30,0,5,1

Philippines,0,0,0,0,1,0,1,0

Poland,0,0,0,0,24,0,2,0

China,0,0,0,0,0,0,1,0

China,1,0,0,0,71,0,11,0

Ukraine,0,0,2,1,20,2,2,0

China,1,0,0,0,58,0,2,0

China,0,0,0,2,16,0,13,0

China,0,0,0,0,1,0,1,0

China,0,0,0,3,22,0,11,0

China,1,0,53,2,0,0,1,0

China,0,0,12,35,8,0,2,0

China,0,1,0,1,25,0,8,1

China,1,0,7,5,99,1,8,0

Ukraine,0,0,0,0,0,0,2,0

Poland,0,0,0,0,315,2,14,0

Ukraine,0,0,4,0,88,1,7,0

China,0,0,1,1,6,0,19,1

China,1,0,0,0,3,0,2,0

China,0,1,4,1,185,0,36,1

Ukraine,0,0,0,0,8,0,1,0

China,0,0,1,2,1,0,2,1

Poland,0,0,0,0,1,0,1,0

Philippines,1,1,19,19,80,9,18,0

Ukraine,0,0,0,0,0,0,1,0

Poland,1,1,0,0,0,0,2,0

China,0,0,0,1,8,0,8,0

China,0,1,28,18,616,0,54,0

Philippines,1,0,0,0,0,0,1,0

China,0,1,0,0,97,0,6,0

Poland,0,0,11,34,2,0,6,0

China,0,1,4,8,1,0,2,0

Poland,0,0,4,0,203,10,26,0

Poland,0,0,4,0,199,0,5,0

China,0,0,0,0,54,0,1,0

Philippines,1,1,4,5,592,0,14,0

China,1,1,0,0,0,0,33,0

China,1,0,5,44,1,0,1,0

Philippines,0,0,2,1,1,0,4,0

Philippines,1,0,2,2,7,0,4,0

Poland,0,1,1,1,357,5,7,0

China,0,0,6,0,117,0,9,0

China,1,1,0,0,2,0,2,0

China,0,0,0,0,0,0,6,0

Ukraine,0,0,0,2,0,2,4,0

China,0,1,2,1,0,0,1,0

Poland,0,0,1,0,3,0,12,0

China,0,0,3,2,20,0,8,0

China,0,1,7,6,37,0,15,0

Ukraine,0,1,1,0,83,0,3,1

Ukraine,1,1,1,1,6,0,1,1

China,1,0,3,8,1,0,29,0

Philippines,0,0,0,0,0,0,1,0

China,0,0,0,0,2,0,10,1

Philippines,1,1,0,0,0,0,1,0

Ukraine,0,0,0,0,11,0,6,0

Ukraine,0,0,0,3,1,0,2,1

Poland,0,0,0,0,14,0,4,0

Poland,1,1,1,0,3,10,1,0

China,1,0,2,4,45,0,5,0

Ukraine,0,0,0,0,0,0,1,0

Poland,0,1,0,1,0,0,2,0

China,0,0,0,0,0,0,1,0

Ukraine,0,0,1,0,0,0,1,0

China,0,0,0,0,1,0,1,0

China,1,1,0,2,45,0,13,0

China,1,0,0,0,10,0,25,0

China,0,1,2,9,101,0,12,0

China,1,0,10,66,67,0,1,0

Ukraine,0,0,0,0,1,0,1,0

Poland,0,0,1,0,8,0,5,0

Philippines,0,0,0,0,9,0,2,0

China,0,1,0,0,4,0,6,0

Ukraine,0,1,1,4,9,0,3,0

China,1,0,0,0,37,0,29,0

China,0,0,0,6,25,0,11,0

China,0,0,0,0,3,0,1,0

Ukraine,0,0,1,3,103,0,1,0

China,1,1,0,1,26,0,4,0

Ukraine,1,0,4,1,178,1,12,0

Ukraine,0,0,0,0,12,0,1,0

Philippines,1,1,0,0,819,0,35,1

Philippines,0,0,0,2,0,0,2,0

Ukraine,1,0,0,0,14,0,1,0

China,1,1,3,1,185,0,12,0

Philippines,0,0,0,5,0,0,4,0

China,0,0,0,0,0,0,1,0

Philippines,1,1,18,19,105,0,7,0

Ukraine,0,0,0,4,76,0,9,0

China,0,1,0,0,0,0,3,0

Philippines,1,1,0,0,3,0,1,0

China,1,1,0,0,13,1,4,0

Ukraine,0,0,0,0,45,0,3,0

Ukraine,1,0,1,1,98,0,4,0

Poland,0,0,3,1,82,6,19,0

Ukraine,0,0,0,0,791,0,20,0

Philippines,0,1,1,1,122,0,44,1

Poland,0,1,6,0,0,0,6,1

Poland,0,0,0,0,20,0,6,0

Philippines,0,0,1,2,10,0,3,0

Philippines,1,0,2,2,120,0,23,0

Poland,0,0,0,0,7,0,17,1

Ukraine,0,0,1,1,35,0,4,0

Ukraine,0,1,1,3,141,0,8,0

Philippines,1,0,5,4,120,6,54,1

Ukraine,0,0,3,1,0,0,2,0

Poland,0,0,0,0,10,0,2,0

Ukraine,0,0,0,0,33,0,1,0

Philippines,0,0,4,0,72,0,14,0

Poland,0,0,0,0,3,0,2,0

Philippines,0,0,7,10,145,0,21,0

Ukraine,0,1,1,2,2,0,2,0

Ukraine,0,0,1,2,17,0,2,0

Ukraine,0,0,8,13,341,14,48,0

Poland,1,1,0,3,55,1,16,0

Ukraine,0,0,12,3,604,3,21,0

Ukraine,0,0,0,0,12,0,3,0

Poland,1,1,2,5,57,0,2,1

Poland,0,1,0,0,0,0,1,0

Poland,0,0,1,0,436,0,10,1

Poland,0,0,1,1,6,0,5,0

Poland,0,0,0,0,27,0,4,0

Poland,0,0,0,0,2,0,2,0

Ukraine,1,0,8,12,573,7,31,0

Ukraine,0,0,0,0,5,1,4,0

Ukraine,0,0,2,0,15,0,6,0

Ukraine,0,1,6,0,72,0,39,1

Ukraine,0,0,0,0,178,0,13,0

Poland,1,0,6,8,121,0,2,0

Poland,1,1,2,4,52,0,4,0

Philippines,1,1,0,0,0,0,14,0

Philippines,1,1,0,0,0,0,30,0

Poland,0,0,0,1,160,0,14,0

Ukraine,0,0,3,0,14,0,11,1

Philippines,0,0,0,0,3,0,1,1

Ukraine,1,1,4,7,18,0,7,0

Ukraine,1,1,0,0,38,0,2,1

Philippines,0,1,0,0,1,0,4,0

Poland,0,0,0,0,80,0,7,0

Ukraine,0,0,2,0,32,0,7,0

Philippines,1,0,0,0,0,0,2,0

Ukraine,0,0,7,19,13,10,8,0

Philippines,1,0,0,5,33,0,3,0

Ukraine,1,0,1,0,0,0,3,0

Poland,0,0,0,0,0,0,1,0

Ukraine,0,0,0,2,12,0,14,0

Ukraine,0,0,1,4,11,0,2,0

Poland,0,1,8,0,604,0,34,0

Ukraine,0,0,2,4,158,5,25,0

Philippines,1,1,3,67,2,0,4,1

Ukraine,0,0,3,2,1,29,37,0

Philippines,0,0,0,0,4,0,1,0

Ukraine,0,0,0,0,0,0,2,0

Ukraine,1,0,32,3,790,3,46,0

Ukraine,0,1,0,0,0,0,1,0

Poland,0,1,0,0,211,0,12,0

Poland,0,0,0,0,103,0,5,0

Poland,0,1,6,2,204,0,16,0

Philippines,0,1,0,0,0,0,2,0

Poland,1,1,2,3,4,0,2,0

Poland,0,0,1,1,39,0,6,0

Ukraine,0,0,0,0,0,0,1,0

Poland,1,0,1,1,5,0,3,0

Ukraine,1,1,0,1,3,0,1,0

Poland,1,1,0,0,0,0,5,0

Philippines,0,1,0,0,0,0,7,0

Poland,1,0,0,0,162,1,5,0

Poland,0,0,0,0,0,0,1,0

Poland,0,0,1,0,60,0,8,0

Poland,0,1,11,0,4,0,1,0

Ukraine,0,1,1,1,46,0,4,1

Poland,1,1,3,3,146,2,31,0

Philippines,1,1,3,10,0,0,2,0

Ukraine,1,1,1,0,2,5,2,0

Ukraine,0,0,8,0,403,7,44,1

Poland,0,0,0,0,534,0,6,0

Ukraine,0,1,0,1,50,5,3,0

Ukraine,0,0,6,4,69,6,19,0

Ukraine,0,0,1,1,311,0,20,0

Ukraine,0,0,0,0,4,0,3,0

Poland,1,0,0,1,115,0,1,0

Poland,0,0,1,5,0,0,2,0

Ukraine,1,0,0,0,342,0,13,0

Philippines,0,0,1,1,3,0,1,0

Poland,0,1,0,0,5,0,5,0

Philippines,0,0,0,0,224,0,1,0

Ukraine,0,1,3,2,31,2,8,0

Ukraine,0,0,0,0,88,0,13,0

Ukraine,0,0,0,0,10,0,1,0

Ukraine,0,0,2,0,68,0,4,0

Ukraine,0,0,0,7,116,0,4,0

Ukraine,1,1,1,0,99,6,21,0

Ukraine,0,0,0,0,34,0,1,0

Ukraine,0,0,0,1,1,0,2,0

Ukraine,0,0,0,3,88,1,11,0

Ukraine,0,0,1,0,12,0,4,0

Poland,1,0,0,0,17,0,3,0

Poland,0,0,1,1,441,1,6,0

Ukraine,0,0,0,0,33,0,7,0

Philippines,0,0,0,0,18,0,3,0

Poland,0,0,1,0,115,1,26,0

Poland,0,0,0,0,76,0,1,0

Ukraine,0,0,0,0,2,0,1,0

Ukraine,0,0,1,3,18,0,2,0

Poland,0,0,0,0,0,0,4,0

Ukraine,1,0,0,1,15,0,2,0

Poland,1,0,2,3,41,1,12,0

Ukraine,1,1,2,0,125,0,8,1

Poland,1,0,9,14,200,2,18,0

Ukraine,1,1,6,7,790,3,82,0

Ukraine,0,0,1,0,163,0,8,0

Ukraine,1,1,4,10,81,0,7,1

Ukraine,0,0,0,0,29,1,8,0

Poland,0,0,0,0,0,0,1,0

Ukraine,0,1,0,0,35,1,5,0

Poland,0,0,0,0,3,0,3,0

Poland,0,0,2,1,113,0,35,0

Poland,0,0,0,0,4,0,1,0

Philippines,0,0,0,0,212,0,13,1

Philippines,0,0,16,23,874,4,22,0

Ukraine,0,0,1,2,1,1,1,0

Philippines,0,0,5,9,123,0,1,0

Poland,0,0,0,0,33,0,4,0

Ukraine,0,0,0,0,1,0,1,0

Philippines,0,1,0,0,207,1,12,0

Poland,0,1,0,0,49,0,2,1

Poland,0,0,3,3,234,1,10,0

Poland,0,0,2,1,0,0,2,0

Poland,0,0,0,0,24,0,1,0

Philippines,0,1,0,0,0,0,1,0

Philippines,0,0,1,2,26,0,4,0

Poland,0,0,3,1,340,2,24,0

Ukraine,0,0,0,0,7,0,1,0

Ukraine,0,0,0,0,31,0,5,0

Poland,0,0,0,1,2,0,1,0

Ukraine,0,0,0,2,82,0,20,0

Ukraine,0,0,1,12,172,1,31,0

Poland,0,0,0,0,7,1,5,0

Philippines,0,1,2,1,18,0,9,0

Ukraine,0,1,10,6,11,0,17,1

Philippines,1,1,0,0,143,0,8,1

Philippines,1,1,0,0,101,0,11,1

Philippines,1,0,2,6,178,0,8,0

Philippines,1,0,2,2,5,0,1,0

Philippines,0,0,0,0,3,0,1,0

Ukraine,0,1,0,0,0,0,3,0

Philippines,0,0,0,6,290,0,4,0

Ukraine,1,1,3,0,564,2,11,0

Ukraine,1,0,0,0,0,0,1,0

Poland,0,0,1,1,12,0,4,0

Poland,0,0,0,0,48,0,8,0

Ukraine,1,0,0,1,35,0,3,0

Poland,0,0,0,2,28,0,11,1

Ukraine,0,0,1,0,644,0,53,1

Ukraine,1,0,8,11,92,3,3,0

Ukraine,0,0,5,9,40,0,3,0

Ukraine,0,0,0,0,8,0,3,0

Poland,1,0,0,0,58,0,5,0

Philippines,0,0,0,0,3,0,2,0

Poland,0,1,14,4,0,26,24,0

Ukraine,1,0,0,1,2,0,2,1

Poland,1,1,1,2,0,0,4,0

Ukraine,1,0,0,0,21,0,4,1

Poland,1,0,2,1,133,0,8,1

Ukraine,0,0,0,0,71,0,19,0

Poland,0,0,3,8,93,0,5,1

Poland,0,0,0,2,22,0,6,0

Poland,0,1,3,6,92,1,4,0

Poland,0,0,2,3,10,0,4,0

Ukraine,0,0,3,2,456,0,2,0

Ukraine,0,0,0,1,28,0,20,0

Poland,0,1,9,0,728,0,50,1

Poland,0,0,1,4,843,0,9,1

Poland,0,0,0,1,0,0,2,0

Ukraine,0,0,0,0,10,2,7,0

Poland,0,0,1,0,154,1,17,1

Ukraine,0,0,0,0,3,0,3,1

Ukraine,0,0,0,0,11,0,2,0

Ukraine,0,1,1,1,11,0,6,1

Philippines,0,0,0,4,1,0,1,0

Poland,0,0,3,0,152,0,22,0

Ukraine,0,0,0,1,104,0,21,1

Ukraine,1,0,0,1,99,1,49,1

Philippines,0,0,0,0,16,0,6,0

Poland,1,0,4,0,27,0,12,0

Philippines,0,0,1,1,1,0,1,0

Poland,0,0,0,0,0,0,24,0

Ukraine,0,0,1,1,76,0,15,0

Ukraine,1,1,0,0,0,0,56,0

Poland,0,1,0,0,1,0,2,0

Ukraine,1,1,1,3,191,0,18,1

Poland,0,0,0,0,4,0,2,0

Ukraine,0,0,2,2,6,0,4,0

Poland,0,0,0,0,2,0,1,0

Poland,0,0,0,0,169,1,14,1

Philippines,0,0,0,0,5,0,1,0

Ukraine,1,0,4,0,6,0,10,0

Poland,0,0,0,0,71,0,3,1

Ukraine,0,1,0,0,0,0,13,0

Poland,0,0,0,0,9,0,4,1

Ukraine,0,0,0,0,20,0,5,0

Ukraine,0,0,7,0,140,7,40,0

Ukraine,0,0,3,1,7,0,5,1

Ukraine,0,0,0,0,96,0,3,0

Poland,0,0,0,0,7,0,1,0

Poland,0,0,1,2,455,0,9,0

Philippines,1,0,3,23,55,0,3,0

Philippines,1,0,6,9,544,0,15,0

Poland,0,1,0,0,3,0,2,0

Poland,0,0,0,0,43,0,13,0

Ukraine,0,1,1,0,126,0,21,1

Poland,0,0,1,1,9,1,2,0

Ukraine,1,1,0,0,0,0,3,0

Philippines,1,1,0,0,4,0,2,0

Poland,0,1,0,0,243,0,12,0

Poland,0,0,11,6,40,0,11,0

Poland,0,1,1,2,176,0,8,0

Philippines,0,0,0,0,2,0,2,1

Ukraine,0,0,0,0,0,0,1,0

Ukraine,0,1,0,0,83,0,4,0

Ukraine,0,1,0,0,16,0,3,0

Ukraine,0,0,0,0,1,0,1,0

Philippines,0,0,17,61,514,0,79,0

Poland,1,0,0,0,50,0,7,0

Poland,0,0,0,1,15,0,1,0

Ukraine,0,0,1,1,50,0,22,1

Ukraine,0,0,8,6,294,0,3,0

Poland,1,0,0,0,4,0,1,1

Ukraine,0,0,5,2,270,1,61,0

Poland,0,1,7,5,486,2,29,0

Poland,0,0,2,0,17,0,4,1

Ukraine,1,0,2,3,8,0,1,0

Ukraine,0,1,2,5,0,0,1,0

Ukraine,0,0,0,0,2,0,3,0

Ukraine,0,1,0,0,6,0,8,0

Ukraine,0,0,3,2,174,0,8,0

Ukraine,1,0,1,0,45,0,4,1

Ukraine,1,0,0,0,17,0,1,0

Ukraine,0,1,0,0,1,0,2,0

Poland,0,1,0,0,34,2,5,0

Ukraine,0,0,1,3,45,0,7,0

Ukraine,1,0,5,1,310,1,28,1

Ukraine,0,0,0,0,0,2,2,0

Poland,0,1,0,0,1,0,1,1

Poland,0,0,2,0,97,0,4,0

Ukraine,0,0,0,0,0,0,2,0

Ukraine,1,1,5,3,30,0,12,1

Poland,0,1,0,3,270,21,10,0

Philippines,0,0,0,0,15,0,6,0

Poland,0,1,0,1,8,0,4,0

Philippines,0,0,0,0,7,0,1,0

Ukraine,0,0,0,7,66,0,8,1

Philippines,0,1,0,0,0,0,1,0

Ukraine,0,0,9,11,326,27,43,0

Philippines,1,0,0,2,1,0,5,0

Ukraine,0,0,0,0,14,0,2,0

Poland,1,1,0,0,0,0,1,0

Ukraine,0,1,1,0,17,0,4,0

Ukraine,0,0,0,0,3,0,5,0

Poland,1,1,19,16,864,4,24,0

Poland,0,1,0,0,0,0,2,0

Ukraine,0,0,1,2,15,0,6,0

Philippines,0,1,0,0,0,0,1,0

Philippines,1,1,0,2,56,0,3,1

Ukraine,0,0,0,8,11,0,1,0

Poland,0,1,0,0,0,0,2,0

Poland,0,1,0,0,0,0,72,0

Philippines,0,0,1,1,20,0,6,1

Ukraine,0,0,1,5,132,3,2,1

Ukraine,0,0,0,0,2,0,3,0

Philippines,1,1,15,32,507,1,17,1

Philippines,1,0,2,6,205,0,15,0

Ukraine,1,1,0,0,1,0,1,1

Poland,0,0,1,0,39,0,9,1

Ukraine,0,0,0,0,111,0,3,0

Poland,0,0,0,0,135,0,40,0

Ukraine,1,0,0,0,54,0,6,0

Poland,0,0,0,0,5,0,1,0

Ukraine,0,0,8,16,38,0,7,0

Philippines,1,0,0,0,1,0,1,0

Ukraine,1,1,6,9,85,2,5,0

Poland,1,1,0,0,0,0,1,1

Poland,0,0,3,1,93,0,14,0

Ukraine,1,1,3,0,331,0,11,0

Poland,0,1,1,0,34,1,5,1

Philippines,0,0,0,1,95,0,9,0

Poland,0,1,2,0,1,0,6,0

Poland,0,0,1,1,68,0,8,1

Ukraine,0,0,0,0,0,0,1,0

Ukraine,0,0,0,0,59,0,6,0

Philippines,0,0,0,0,1,0,1,1

Poland,0,0,0,0,23,0,3,1

Ukraine,0,0,0,0,6,0,2,0

Philippines,1,0,0,2,4,1,2,0

Ukraine,0,0,0,0,6,0,1,0

Ukraine,0,1,0,0,24,0,8,0

Philippines,0,1,5,2,182,13,30,1

Ukraine,0,0,0,0,223,0,13,0

Ukraine,0,0,0,0,0,0,3,0

Ukraine,0,0,0,0,4,0,1,0

Poland,1,0,4,5,130,0,11,1

Ukraine,0,0,1,0,147,0,9,0

Ukraine,0,1,0,0,26,0,6,0

Ukraine,1,1,7,2,598,0,9,1

Ukraine,0,0,1,4,6,0,7,0

Poland,0,0,5,0,11,0,6,0

Poland,1,0,3,3,53,0,2,0

Philippines,0,0,0,0,4,0,1,0

Ukraine,0,0,0,1,0,0,2,0

Ukraine,0,1,2,0,39,0,9,0

Ukraine,1,0,0,3,11,0,7,0

Philippines,0,0,2,6,143,0,26,1

Poland,0,0,0,1,1,0,2,0

Philippines,0,0,0,0,0,0,2,0

Poland,1,1,0,0,0,0,2,0

Poland,0,1,0,0,0,0,1,0

Philippines,1,1,0,0,2,0,1,1

Ukraine,0,0,0,2,1,0,2,1

Ukraine,0,0,0,0,59,0,4,0

Ukraine,0,0,1,1,5,0,1,0

Ukraine,0,0,0,0,13,0,5,0

Poland,1,0,6,1,205,0,6,0

Poland,0,1,0,0,188,0,19,0

Ukraine,0,0,0,0,1,0,2,1

Ukraine,0,0,0,0,7,0,5,0

Poland,0,0,1,1,4,0,5,0

Philippines,0,0,1,6,0,0,30,1

Poland,0,0,0,0,11,0,2,0

Philippines,0,0,0,0,5,0,1,0

Ukraine,0,0,3,4,197,0,9,0

Philippines,0,1,1,4,14,0,1,0

Ukraine,0,1,2,0,93,33,6,0

Ukraine,0,0,3,0,1,0,2,0

Poland,1,0,1,1,230,0,13,1

Poland,0,1,0,0,0,0,1,0

Ukraine,1,0,0,0,5,0,1,1

Ukraine,0,0,2,0,13,0,3,1

Ukraine,0,0,6,0,239,1,15,0

Ukraine,0,1,17,52,115,17,22,0

Philippines,1,0,0,0,103,0,18,1

Poland,1,1,3,0,251,0,12,0

Poland,0,1,0,0,0,0,12,0

Poland,0,1,12,5,169,3,11,1

Poland,0,1,0,0,0,0,2,0

Ukraine,0,1,0,0,26,0,7,1

Ukraine,0,0,5,5,70,5,5,0

Ukraine,0,0,0,0,3,0,1,0

Ukraine,0,0,5,1,29,0,2,0

Poland,0,1,0,0,41,0,7,0

Ukraine,0,0,0,0,34,0,8,0

Poland,0,1,0,0,28,0,9,0

Ukraine,0,0,2,1,1,0,2,1

Philippines,0,0,0,2,38,0,10,1

Ukraine,0,0,5,5,253,3,11,0

Ukraine,0,0,0,0,1,0,1,0

Ukraine,0,0,1,2,15,0,6,0

Ukraine,0,0,0,0,72,0,11,1

Ukraine,0,0,0,2,19,0,7,0

Ukraine,1,1,2,0,142,0,28,0

Poland,0,1,1,2,21,0,2,0

Poland,0,1,1,14,16,1,6,0

Ukraine,0,1,8,21,35,8,7,1

Ukraine,0,0,0,0,29,0,18,0

Poland,0,0,0,0,0,0,2,0

Poland,0,0,2,1,224,7,39,1

Ukraine,0,0,0,0,16,0,6,0

Ukraine,0,0,2,0,179,0,20,0

Philippines,0,0,1,8,22,0,3,0

Ukraine,0,0,0,0,37,0,2,0

Ukraine,0,0,4,1,352,9,11,0

Poland,0,0,0,3,19,0,9,1

Poland,0,0,0,0,17,0,1,0

Poland,0,0,0,0,10,0,11,0

Ukraine,0,1,2,4,20,0,5,0

Poland,0,0,6,5,2,1,1,0

Poland,0,1,13,1,742,2,16,0

Ukraine,0,0,1,0,0,0,3,0

Poland,0,0,1,0,2,0,1,0

Poland,1,0,0,1,4,0,6,1

Ukraine,0,0,0,0,80,0,6,0

Ukraine,0,0,1,0,23,49,9,1

Poland,0,0,0,4,129,1,4,1

Poland,0,0,13,57,344,115,61,0

Ukraine,0,0,0,2,572,0,4,0

Philippines,1,0,0,0,2,0,2,1

Philippines,1,1,0,1,9,0,5,0

Poland,0,0,1,1,11,5,21,0

Ukraine,0,1,0,0,295,0,3,1

Ukraine,0,0,0,0,128,0,2,0

Poland,0,1,0,0,87,1,7,1

Philippines,1,0,0,0,3,0,1,0

Poland,0,0,0,0,0,0,2,0

Philippines,0,1,0,0,1,0,1,0

Poland,0,0,0,0,6,0,2,0

Philippines,0,0,1,0,1,0,1,0

Poland,0,0,1,2,50,0,18,0

Ukraine,0,0,0,1,75,0,20,0

Philippines,0,0,2,1,31,0,2,1

Poland,0,0,0,0,13,0,2,0

Ukraine,0,0,0,0,1,0,1,0

Poland,0,0,1,2,0,0,1,0

Poland,0,0,0,0,6,1,3,1

Poland,0,0,0,0,28,10,7,0

Poland,0,0,1,1,91,0,10,0

Ukraine,0,0,0,0,2,0,2,0

Ukraine,0,0,5,2,70,3,9,0

Philippines,1,0,1,1,0,0,4,0

Poland,1,1,0,0,0,0,1,0

Ukraine,0,0,0,0,7,0,3,0

Ukraine,0,1,0,0,4,0,1,0

Ukraine,1,0,0,2,0,1,3,0

Philippines,1,0,1,5,164,6,23,1

Ukraine,0,0,0,0,4,0,2,0

Ukraine,0,0,0,0,0,0,2,1

Ukraine,0,0,2,0,22,0,7,0

Poland,0,0,0,1,12,0,2,0

Poland,0,0,0,0,6,0,1,0

Ukraine,0,0,1,0,70,0,12,0

Ukraine,0,0,0,2,0,0,2,0

Ukraine,0,0,0,0,5,0,5,0

Ukraine,0,0,0,3,112,0,12,0

Philippines,0,0,0,0,0,0,6,0

Poland,0,0,0,0,117,0,10,1

Poland,1,0,1,0,45,0,10,1

Poland,0,0,0,0,0,0,1,0

Ukraine,0,0,4,1,69,1,4,0

Poland,1,1,0,0,106,0,6,0

Ukraine,0,0,0,0,0,0,1,0

Poland,0,1,0,0,0,0,1,0

Ukraine,0,0,0,0,24,0,5,0

Philippines,1,1,0,0,0,0,4,0

Ukraine,1,0,0,0,2,0,1,0

Ukraine,0,0,0,0,6,0,4,0

Ukraine,0,0,0,0,4,0,3,0

Philippines,0,0,1,1,3,0,4,1

Ukraine,0,0,2,3,46,0,6,0

Ukraine,0,0,0,1,7,0,3,0

Ukraine,0,0,3,0,48,0,8,1

Ukraine,0,0,0,0,2,0,3,0

Ukraine,0,0,3,14,18,1,12,0

Ukraine,0,0,0,0,47,0,7,1

Poland,1,1,1,2,13,0,13,1

Ukraine,0,0,0,1,51,0,3,1

Poland,0,1,0,0,1,0,1,0

Ukraine,0,0,1,1,32,5,11,0

Poland,0,1,17,0,324,0,5,0

Ukraine,0,0,0,0,18,0,8,0

Poland,0,0,0,0,73,4,14,0

Ukraine,0,0,1,2,50,0,8,0

Poland,0,0,0,0,17,0,3,1

Ukraine,0,0,12,3,388,0,27,0

Poland,1,0,2,1,49,0,11,0

Poland,0,1,0,0,0,0,1,0

Poland,1,0,0,0,15,4,6,0

Ukraine,0,0,0,0,21,0,6,0

Ukraine,0,0,0,0,116,9,16,1

Ukraine,0,0,0,0,0,0,1,0

Ukraine,0,0,0,0,4,0,5,0

Ukraine,1,0,0,0,12,1,4,0

Poland,0,0,0,0,7,0,2,0

Ukraine,0,1,7,12,713,0,53,1

Ukraine,0,0,0,0,4,0,5,0

Poland,0,0,0,0,0,0,1,0

Poland,0,0,0,0,64,0,2,0

Poland,0,1,0,4,23,0,4,0

Poland,1,1,1,0,36,1,10,0

Poland,0,0,6,7,201,0,9,0

Poland,0,0,3,0,7,0,2,0

Ukraine,0,0,4,3,19,0,6,0

Poland,0,0,0,0,5,0,3,0

Poland,0,0,0,0,19,0,9,0

Philippines,1,0,0,1,14,0,2,0

Poland,0,0,3,3,334,0,38,0

Poland,0,1,0,0,139,10,8,1

Ukraine,0,0,0,0,10,8,8,0

Poland,0,0,0,0,121,0,8,0

Philippines,0,0,0,0,2,0,1,0

Poland,0,0,0,0,1,0,1,0

Ukraine,0,0,6,5,66,0,3,0

Poland,0,1,1,0,1,0,5,0

Ukraine,0,0,0,0,29,0,1,1

Ukraine,0,0,2,0,28,0,7,0

Poland,0,0,1,0,8,4,4,0

Ukraine,0,0,0,0,7,0,5,0

Ukraine,1,1,0,0,0,0,66,0

Poland,0,0,0,0,46,0,12,0

Ukraine,0,0,0,0,0,0,1,0

Poland,0,0,0,3,26,0,5,0

Poland,0,1,8,3,141,2,6,0

Poland,0,0,1,3,20,0,4,1

Ukraine,0,0,2,2,18,0,7,1

Ukraine,1,0,0,0,14,0,4,0

Philippines,0,0,0,3,6,0,12,0

Ukraine,0,0,2,0,32,0,8,1

Philippines,0,0,0,0,6,0,2,0

Ukraine,0,0,1,2,0,0,1,0

Philippines,0,0,0,2,0,0,4,0

Ukraine,0,0,3,3,27,0,14,0

Ukraine,0,1,0,0,37,0,11,0

Poland,0,0,2,1,85,0,21,1

Ukraine,0,0,0,0,366,1,19,0

Poland,0,0,1,1,8,0,1,0

Ukraine,0,0,0,0,23,0,1,0

Philippines,0,0,2,0,3,0,2,0

Philippines,0,0,1,0,0,0,2,0

Philippines,1,0,0,0,40,0,3,0

Ukraine,1,1,6,1,73,0,6,0

Philippines,1,0,0,0,28,0,1,0

Poland,0,0,0,0,14,0,12,0

Philippines,1,1,0,36,143,0,21,1

Ukraine,0,0,1,0,113,0,8,1

Poland,0,1,1,0,6,0,1,0

Ukraine,0,0,3,2,6,1,11,1

Philippines,0,0,0,0,3,0,3,0

Philippines,0,0,2,1,36,0,8,0

Poland,1,1,0,0,0,0,2,0

Ukraine,0,1,0,0,4,0,3,1

Ukraine,0,1,0,0,28,0,7,0

Ukraine,0,0,1,1,7,0,5,0

Ukraine,1,0,0,0,73,0,17,0

Philippines,0,0,0,0,144,1,5,1

Ukraine,0,0,1,3,64,0,5,0

Philippines,0,0,0,1,0,0,3,1

Ukraine,0,0,0,0,7,0,1,0

Ukraine,0,0,1,0,2,0,1,1

Ukraine,0,0,0,0,18,0,4,1

Ukraine,0,0,0,0,8,0,2,0

Poland,0,1,0,0,1,0,2,1

Ukraine,0,0,8,0,140,0,3,1

Poland,0,0,0,0,0,0,2,0

Ukraine,0,0,0,3,5,0,3,0

Philippines,1,1,0,0,0,0,26,0

Poland,0,0,3,18,75,18,17,0

Ukraine,0,0,0,1,56,0,18,0

Poland,0,1,0,0,1,0,2,0

Ukraine,0,0,1,0,91,0,19,1

Philippines,0,1,2,8,0,0,5,1

Ukraine,0,0,0,0,17,0,1,0

Poland,0,1,0,0,1,0,1,0

Ukraine,1,0,1,1,0,0,3,0

Poland,0,0,0,1,80,0,21,0

Poland,0,0,0,0,34,0,3,0

Ukraine,0,0,2,1,15,2,6,0

Poland,0,1,3,1,85,1,8,0

Philippines,0,0,14,5,331,2,37,0

Ukraine,0,0,3,8,160,1,9,1

Ukraine,0,1,1,4,240,0,29,0

Poland,0,0,1,0,0,0,1,0

Ukraine,0,0,2,7,538,1,17,1

Ukraine,0,0,0,0,243,0,15,1

Poland,1,1,15,22,388,9,19,1

Ukraine,0,0,1,0,96,0,15,0

Poland,0,0,0,0,0,0,1,0

Philippines,1,1,2,0,0,3,11,0

Ukraine,1,1,4,2,553,1,15,1

Ukraine,1,1,4,4,140,1,4,0

Ukraine,1,0,2,0,615,0,10,0

Poland,0,0,0,0,5,0,5,0

Ukraine,0,0,2,0,3,0,9,0

Philippines,0,0,2,0,317,2,7,0

Ukraine,0,0,1,0,4,0,1,0

Poland,0,0,1,0,10,0,3,0

Poland,0,0,7,8,110,1,8,0

Philippines,1,0,0,2,7,0,1,0

Poland,0,0,2,0,136,0,5,0

Philippines,1,0,0,0,3,0,1,1

Ukraine,0,0,0,0,9,0,2,0

Poland,0,1,0,0,50,1,13,0

Philippines,0,0,0,0,0,0,3,0

Philippines,0,0,6,0,15,1,1,0

Ukraine,0,0,2,1,13,0,6,0

Ukraine,0,0,0,0,72,0,9,0

Poland,0,0,1,0,693,0,22,0

Ukraine,1,1,0,2,0,0,5,0

Poland,0,0,6,5,0,0,1,0

Ukraine,0,0,0,0,1,0,8,0

Ukraine,0,0,0,0,9,0,4,0

Poland,0,0,0,0,3,0,1,1

Ukraine,0,0,0,0,0,0,2,0

Philippines,1,0,0,0,0,0,1,0

Poland,1,0,0,0,25,0,2,1

Philippines,1,0,1,2,11,0,15,0

Philippines,1,0,0,0,9,0,5,0

Ukraine,0,0,1,4,187,2,14,1

Poland,0,1,11,28,27,5,10,0

Philippines,0,1,1,7,40,1,72,0

Poland,0,1,7,6,62,6,20,1

Philippines,0,0,0,0,0,0,1,0

Ukraine,0,0,0,0,1,0,2,1

Ukraine,0,0,0,1,47,0,3,0

Philippines,0,0,0,0,1,0,1,1

Poland,1,0,3,5,112,7,13,0

Ukraine,1,0,2,2,48,4,16,0

Poland,0,0,5,1,41,0,3,0

Poland,0,1,5,1,26,0,5,1

Ukraine,0,1,1,3,12,0,3,1

Ukraine,0,1,1,0,105,0,6,0

Poland,0,0,0,0,10,0,7,0

Ukraine,0,0,0,0,23,0,14,0

Ukraine,1,0,0,1,19,0,4,0

Poland,1,1,4,4,88,0,10,0

Ukraine,0,0,0,0,13,0,4,0

Poland,0,1,16,0,194,19,21,0

Ukraine,0,0,0,1,82,0,20,1

Ukraine,1,1,24,0,99,0,4,1

Philippines,0,0,0,1,41,0,9,1

Ukraine,1,1,0,0,0,0,6,0

Poland,1,0,5,7,165,4,6,0

Ukraine,0,0,1,0,77,0,3,0

Poland,1,1,0,0,25,0,10,1

Ukraine,0,1,1,0,56,0,7,0

Ukraine,0,0,0,0,1,0,2,1

Ukraine,1,0,0,0,62,0,8,0

Philippines,0,0,1,0,69,14,5,0

Ukraine,1,0,0,0,46,0,1,0

Ukraine,1,0,0,0,7,0,7,0

Ukraine,0,0,0,4,3,2,13,0

Ukraine,0,0,0,1,2,0,1,0

Poland,0,0,0,0,2,0,1,0

Ukraine,0,0,0,0,0,0,43,0

Poland,0,0,0,0,0,0,2,0

Ukraine,1,0,1,2,84,0,9,1

Ukraine,0,0,0,0,10,1,4,0

Poland,0,0,3,0,272,0,15,0

Philippines,0,0,3,20,1,0,2,0

Ukraine,0,0,1,0,13,0,4,0

Ukraine,0,0,0,0,6,2,2,0

Poland,0,1,0,2,13,0,4,0

Ukraine,0,0,1,1,21,0,12,0

Philippines,0,1,6,13,127,1,53,1

Poland,1,1,3,50,174,0,1,1

Ukraine,0,0,0,0,45,0,9,0

Philippines,0,0,0,0,5,0,2,1

Poland,0,0,4,16,24,0,4,0

Philippines,1,1,23,4,256,3,24,1

Poland,0,0,0,0,2,0,1,0

Philippines,1,1,1,2,11,0,4,0

Poland,0,1,4,0,45,2,9,1

Poland,0,0,1,1,183,0,16,1

Poland,0,0,0,0,18,0,1,0

Philippines,0,0,0,3,23,0,9,0

Poland,0,0,0,0,24,0,6,0

Poland,0,1,2,1,236,13,14,1

Poland,0,1,1,1,0,0,1,0

Philippines,1,0,1,14,0,0,2,0

Poland,0,0,0,0,37,0,3,0

Poland,0,0,0,0,133,0,11,0

Poland,0,1,3,0,739,0,14,0

Poland,0,0,0,12,0,2,25,0

Philippines,0,0,0,1,1,2,9,0

Poland,0,0,1,2,57,0,11,1

Poland,0,1,0,2,1,0,7,0

Poland,0,1,3,8,53,9,7,0

Philippines,0,0,0,1,5,0,3,0

Poland,0,0,1,0,17,1,9,0

Poland,0,1,0,0,2,0,2,1

Poland,0,1,0,0,83,0,22,1

Poland,0,0,0,0,191,0,2,0

Poland,0,0,0,0,13,0,1,0

Poland,0,0,0,2,8,0,4,0

Poland,0,0,6,11,105,0,15,1

Poland,0,0,0,0,0,0,1,0

Philippines,1,0,10,11,588,0,19,1

Philippines,1,0,0,5,399,1,32,0

Philippines,1,1,0,0,3,0,2,0

Philippines,1,0,0,0,0,0,2,0

Philippines,1,0,2,2,0,0,2,0

Poland,0,1,1,0,32,1,27,0

Poland,0,0,4,9,49,12,7,1

Poland,0,0,1,0,5,0,2,0

Philippines,0,1,0,0,1,0,1,0

Poland,0,0,1,0,50,0,1,0

Poland,0,0,0,1,74,0,21,0

Poland,0,0,3,1,20,1,3,0

Poland,1,1,2,2,145,0,5,0

Poland,0,0,0,0,1,0,4,0

Poland,0,0,11,2,221,0,16,0

Philippines,0,1,0,0,18,0,14,0

Poland,0,1,1,0,18,0,4,0

Poland,0,1,4,0,81,0,4,1

Poland,0,0,0,0,12,0,3,0

Philippines,1,0,1,1,2,0,8,0

Philippines,1,0,0,0,0,0,1,0

Poland,0,1,0,0,0,0,1,1

Poland,0,0,8,12,147,0,29,0

Poland,0,0,0,0,77,0,4,0

Poland,0,0,5,0,120,0,3,0

Poland,0,1,3,4,104,1,10,1

Poland,1,0,1,6,145,0,15,0

Poland,1,0,0,8,5,0,3,0

Philippines,0,0,0,0,16,0,3,1

Poland,1,0,0,0,0,0,5,0

Poland,0,0,0,1,9,0,7,1

Philippines,0,0,0,0,0,3,2,1

Poland,0,0,3,3,136,0,8,1

Poland,0,0,1,2,36,1,3,1

Philippines,1,1,3,2,24,1,2,1

Philippines,0,0,4,2,72,1,7,0

Poland,0,1,0,0,31,0,11,0

Poland,0,1,0,0,1,0,4,0

Poland,0,1,14,3,293,16,42,0

Philippines,0,0,0,0,1,0,1,1

Philippines,1,0,8,8,642,0,12,1

Philippines,0,0,0,0,4,0,1,0

Poland,0,1,0,0,0,0,1,0

Poland,1,1,0,0,13,0,5,0

Poland,1,1,1,0,92,0,6,0

Poland,0,1,7,4,578,6,20,1

Poland,1,1,4,18,101,0,10,1

Poland,0,1,0,0,0,0,1,0

Poland,0,0,0,0,4,0,1,0

Poland,0,0,0,0,6,0,5,0

Poland,0,1,0,0,36,0,5,0

Poland,1,1,0,0,95,0,18,1

Poland,0,0,2,2,142,6,32,1

Poland,0,0,3,1,18,1,6,0

Poland,0,1,0,0,61,0,5,0

Philippines,1,0,0,0,0,0,1,0

Poland,0,1,3,6,61,0,15,1

Poland,0,1,16,2,364,36,12,0

Poland,1,1,21,25,74,2,109,1

Philippines,1,1,1,0,799,0,11,1

Poland,0,0,11,2,135,0,22,0

Poland,1,0,0,0,1,1,1,0

Poland,0,0,0,0,11,0,1,0

Philippines,0,0,0,0,1,0,2,0

Poland,0,0,0,0,84,0,1,0

Philippines,1,1,7,0,145,0,15,0

Philippines,0,0,0,0,0,0,1,0

Philippines,0,0,3,0,109,0,26,0

Poland,0,1,16,18,480,0,14,0

Philippines,1,0,0,1,66,1,36,0

Poland,0,0,1,0,347,0,8,0

Philippines,0,1,0,1,1,0,2,0

Poland,1,0,2,3,54,0,7,0

Philippines,1,1,0,0,3,0,1,1

Poland,0,1,0,0,0,0,1,1

Philippines,1,0,0,1,2,4,7,0

Poland,0,0,3,2,41,1,41,0

Poland,1,0,0,0,0,0,2,0

Poland,1,1,2,5,74,0,25,0

Poland,0,0,1,1,11,0,1,0

Poland,0,0,0,0,0,0,1,0

Poland,0,1,2,1,17,0,6,0

Poland,0,1,0,0,0,0,1,0

Philippines,1,0,0,0,3,0,4,0

Philippines,0,0,0,0,6,15,3,0

Philippines,0,1,0,7,122,0,8,0

Philippines,1,0,2,0,4,0,2,0

Poland,0,1,27,2,0,2,35,0

Poland,0,1,0,0,4,1,1,0

Philippines,0,0,0,0,90,0,5,0

Poland,1,0,0,6,48,0,11,0

Philippines,0,1,4,0,104,3,12,0

Philippines,0,0,1,1,92,0,18,1

Poland,0,0,3,0,38,0,1,0

Philippines,0,0,0,0,3,0,1,1

Poland,0,0,0,0,0,0,1,0

Poland,0,1,0,1,0,0,2,1

Poland,1,0,2,3,20,33,3,0

Philippines,1,1,4,6,56,0,14,0

Poland,0,1,2,2,24,0,2,0

Philippines,0,0,0,0,12,0,2,0

Philippines,0,1,1,0,0,0,1,1

Poland,0,0,1,1,47,5,41,0

Poland,1,1,0,1,208,3,11,1

Poland,0,0,0,0,147,0,7,0

Poland,0,0,0,0,14,0,2,0

Philippines,0,0,0,0,2,0,8,0

Philippines,0,0,0,0,0,0,2,0

Philippines,1,0,1,5,25,1,11,1

Poland,0,0,8,9,166,2,9,1

Philippines,1,1,9,21,287,3,26,0

Poland,0,0,2,0,370,0,5,1

Poland,0,0,0,0,13,0,5,0

Poland,0,0,0,0,278,1,11,0

Poland,1,0,16,16,568,2,37,0

Philippines,0,0,0,1,3,0,1,0

Poland,0,0,1,1,36,0,4,0

Poland,0,0,0,1,103,0,20,0

Poland,0,0,0,0,2,0,1,0

Poland,0,0,10,6,337,0,15,0

Poland,0,1,11,9,513,9,68,1

Poland,0,0,11,14,150,7,3,1

Philippines,1,0,0,0,2,0,3,0

Poland,1,1,1,3,7,0,1,0

Philippines,0,0,1,1,6,0,5,0

Poland,0,0,0,8,5,0,2,0

Poland,1,0,18,26,373,0,19,0

Poland,1,1,7,0,266,0,11,0

Poland,0,0,0,0,4,0,4,0

Philippines,1,0,0,0,1,0,1,0

Philippines,1,0,2,12,148,4,62,0

Philippines,0,0,0,0,8,0,3,0

Philippines,1,0,0,0,6,0,2,0

Philippines,0,1,9,4,61,6,21,0

Philippines,0,0,0,0,8,0,4,0

Philippines,1,0,2,0,76,0,6,0

Philippines,0,1,0,0,4,0,1,0

Philippines,1,0,0,1,3,0,2,0

Philippines,0,0,0,0,6,0,5,1

Philippines,0,0,0,0,1,0,2,0

Philippines,1,0,0,0,7,0,2,0

Philippines,0,0,2,3,10,0,1,0

Philippines,0,0,0,0,1,0,2,0

Philippines,1,0,2,10,111,0,4,0

Philippines,1,0,0,0,1,0,1,1

Philippines,1,0,7,18,193,0,22,0

Philippines,0,0,2,0,0,0,1,1

Philippines,0,1,0,0,2,1,2,1

Philippines,0,1,0,0,1,0,1,0

Philippines,0,0,1,0,39,0,9,0

Philippines,0,1,0,0,4,2,3,1

Philippines,1,1,2,1,24,0,5,1

Philippines,0,0,3,0,3,3,2,1

Philippines,0,0,10,15,0,1,4,0

Philippines,0,0,0,1,1,0,1,0

Philippines,1,1,0,0,0,0,1,0

Philippines,0,0,0,0,0,0,1,0

Philippines,1,0,3,0,556,2,18,0

Philippines,1,1,1,1,372,0,14,1

Philippines,1,0,0,0,9,0,2,0

Philippines,0,1,8,6,293,1,41,1

Philippines,0,1,0,0,0,0,13,0

Philippines,0,0,6,2,0,0,6,0

Philippines,0,1,2,2,9,0,1,1

Philippines,0,0,0,0,0,0,1,0

Philippines,0,0,0,0,0,0,3,0

Philippines,0,0,0,0,0,0,1,0

Philippines,0,0,0,0,1,0,1,0

Philippines,0,1,0,0,0,5,4,0

Philippines,1,0,0,0,0,0,1,0

Philippines,1,1,2,8,193,0,33,1

Philippines,0,0,0,0,0,0,1,0

Philippines,0,1,6,4,89,1,28,0

Philippines,0,1,0,0,0,0,4,0

Philippines,0,0,1,3,317,0,9,1

Philippines,0,0,1,1,12,1,4,0

Philippines,0,1,1,1,8,0,3,0

Philippines,0,0,2,0,23,0,3,0

Philippines,0,0,11,28,73,0,8,0

Philippines,0,1,2,1,15,0,2,1

Philippines,1,0,0,0,5,0,5,0

Philippines,0,0,0,0,2,0,2,1

Philippines,1,1,0,2,74,0,16,1

Philippines,0,1,0,0,0,0,1,1

Philippines,1,1,0,0,74,0,2,0

Philippines,0,0,0,0,0,0,2,0

Philippines,0,0,0,0,20,0,5,0

Philippines,0,0,1,1,2,0,7,0

Philippines,0,0,0,0,1,0,1,0

Philippines,0,0,1,3,3,0,1,0

Philippines,0,1,0,0,72,0,29,0

Philippines,0,0,0,0,5,2,2,0

Philippines,1,0,0,0,2,0,2,0

Philippines,0,1,1,1,0,0,5,1

Philippines,0,0,0,1,1,0,3,1

Philippines,0,0,1,3,33,0,17,0

Philippines,1,1,18,9,503,20,70,1

Philippines,0,0,4,4,90,0,5,0

Philippines,0,0,4,2,26,1,6,0

Philippines,0,1,1,2,22,0,8,0

Philippines,0,0,0,0,4,0,2,0

Philippines,1,0,0,0,0,0,2,0

Philippines,0,0,0,0,16,0,3,0

Philippines,0,0,0,0,0,0,1,0

Philippines,1,1,1,6,51,0,12,0

Philippines,0,0,1,3,0,1,2,0

Philippines,0,0,0,0,48,0,5,0

Philippines,0,0,5,9,28,0,7,1

Philippines,0,0,0,1,9,0,18,0

Philippines,0,0,0,0,2,1,3,1

Philippines,1,1,3,1,633,0,7,0

Philippines,1,1,0,0,0,0,1,0

Philippines,0,0,2,13,13,3,13,1

Philippines,1,0,1,0,26,0,1,1

Philippines,0,0,0,0,1,0,1,0

Philippines,1,1,20,15,708,2,39,0

Philippines,1,1,1,0,0,0,1,0

Philippines,0,1,20,61,69,43,88,1

Philippines,0,0,0,17,12,10,46,0

Philippines,0,1,8,10,50,0,11,1

Philippines,0,0,0,0,1,0,1,0

Philippines,0,0,4,2,5,0,4,0

Philippines,1,1,0,0,7,0,2,0

Philippines,1,1,5,5,80,0,11,0

Philippines,1,0,0,0,109,0,8,0

Philippines,1,0,0,1,5,0,2,0

Philippines,0,0,0,0,5,0,1,0

Philippines,1,1,12,15,119,5,24,1

Philippines,0,1,4,0,767,7,29,1

Philippines,1,0,1,3,0,0,19,0

Philippines,1,0,9,41,190,0,26,1

Philippines,0,1,0,0,0,0,11,1

Philippines,0,0,0,0,5,0,1,0

Philippines,0,1,0,0,55,0,11,0

Philippines,0,1,16,14,707,2,12,1

Philippines,0,0,1,2,6,0,2,0

Philippines,0,1,0,0,0,0,1,0

Philippines,0,1,0,0,17,0,3,0

Philippines,0,0,0,2,89,0,4,0

Philippines,1,0,9,27,34,0,4,1

Philippines,1,1,0,0,29,0,4,0

Philippines,1,0,3,7,10,4,10,1

Philippines,0,0,4,4,1,0,2,0

Philippines,0,0,0,0,5,0,2,0

Philippines,1,1,9,10,781,1,34,0

Philippines,0,0,1,0,3,0,2,0

Philippines,1,0,0,0,0,0,2,0

Philippines,1,0,6,9,34,0,33,0

Philippines,1,1,14,33,668,13,82,1

Philippines,0,0,0,0,2,0,3,0

Philippines,0,0,0,0,0,0,1,0

Philippines,1,0,2,3,7,0,12,0

Philippines,1,1,0,1,138,0,4,0

Philippines,0,1,0,0,0,0,1,0

Philippines,0,0,2,1,10,0,2,0

Philippines,1,0,0,0,1,0,2,0

Philippines,0,1,0,0,0,0,13,0

Philippines,0,0,0,0,3,0,1,0

Philippines,1,0,0,1,32,1,3,1

Philippines,1,0,0,0,4,0,3,0

Philippines,0,0,0,0,6,0,9,0

Philippines,0,0,5,12,89,0,20,0

Philippines,0,0,0,1,61,0,17,0

Philippines,1,1,0,0,0,0,1,0

Philippines,0,1,0,0,10,0,10,0

Philippines,0,1,0,0,20,0,3,0

Philippines,0,0,4,2,8,7,7,1

Philippines,0,0,0,0,0,0,1,0

Philippines,1,1,0,0,12,0,3,1

Philippines,1,1,4,1,51,0,24,0

Philippines,0,0,1,0,103,0,13,0

Philippines,0,0,0,0,0,0,2,0

Philippines,0,0,41,2,0,0,1,0

Philippines,0,0,2,2,1,0,31,0

Philippines,0,1,0,0,2,2,4,1

Philippines,0,0,0,0,1,0,1,0

Philippines,0,0,2,1,8,0,4,0

Philippines,0,0,0,0,3,0,2,0

Philippines,0,1,0,0,0,0,2,0

Philippines,0,0,1,0,358,0,4,0

Philippines,0,0,0,0,3,0,9,0

Philippines,1,0,2,3,18,0,9,0

Philippines,0,0,3,9,13,0,9,0

Philippines,0,1,0,0,5,0,2,0

Philippines,0,0,6,4,469,8,23,0

Philippines,0,0,1,0,5,0,3,0

Philippines,1,0,0,0,2,0,2,0

Philippines,0,0,0,1,0,0,1,0

Philippines,0,1,0,1,82,2,14,1

Philippines,0,0,0,0,0,0,1,0

Philippines,0,0,0,0,35,0,10,0

Philippines,0,0,0,0,3,0,5,0

Philippines,0,1,2,0,33,0,11,0

Philippines,0,0,0,0,1,0,1,0

Philippines,1,0,0,0,0,0,2,0

Philippines,0,0,0,0,0,0,2,0

Philippines,1,1,0,0,0,0,1,0

Philippines,0,0,0,0,4,0,2,0

Philippines,1,0,0,0,3,0,1,0

Philippines,1,0,0,0,4,0,3,0

Philippines,0,0,0,0,0,0,1,0

Philippines,1,1,15,0,316,0,1,0

Philippines,0,0,1,0,0,0,1,0

Philippines,1,1,1,0,22,0,5,1

Philippines,0,0,0,1,0,0,3,1

Philippines,1,0,0,0,0,0,1,0

Philippines,0,0,0,0,22,0,1,0

Philippines,0,1,0,0,0,0,1,0

Philippines,0,1,0,0,38,0,10,0

Philippines,0,0,0,0,0,0,1,0

Philippines,0,0,0,0,1,0,1,0

Philippines,1,1,1,0,2,0,5,0

Philippines,1,0,1,3,57,0,8,0

Philippines,0,0,4,3,27,0,5,0

Philippines,0,0,0,1,16,0,9,0

Philippines,0,1,0,0,0,0,1,0

Philippines,0,0,0,1,4,0,4,0

Philippines,0,0,0,0,0,0,1,0

Philippines,0,1,0,0,3,0,5,0

Philippines,0,0,0,1,5,0,2,0

Philippines,1,1,10,1,64,10,24,0

Philippines,0,0,0,12,3,0,1,0

Philippines,0,1,2,0,3,2,19,0

Philippines,1,1,0,0,58,0,13,0

Philippines,1,0,0,0,0,0,1,0

Philippines,1,1,0,0,1,0,1,0

Philippines,0,0,0,0,156,0,5,0

Philippines,0,1,0,0,0,0,1,0

Philippines,0,0,0,0,1,0,2,0

Philippines,1,1,0,3,28,0,22,1

Philippines,1,0,1,4,727,3,21,1

Philippines,0,0,0,0,0,0,2,0

Philippines,0,1,0,0,0,0,1,0

Philippines,0,1,12,6,479,0,10,1

Philippines,0,1,3,4,61,0,12,1

Philippines,0,0,1,2,6,0,5,1

Philippines,0,0,0,1,1,0,1,1

Philippines,0,1,1,0,25,0,5,0

Philippines,0,0,0,1,0,0,27,1

Philippines,0,1,0,0,2,0,1,0

Philippines,0,1,2,1,1,3,3,0

Philippines,0,1,0,3,2,22,148,0

Philippines,1,1,1,4,34,0,6,0

Philippines,1,1,8,0,392,5,28,1

Philippines,0,0,4,0,54,0,1,0

Philippines,0,0,0,0,19,0,5,0

Philippines,0,0,0,2,2,0,2,0

Philippines,1,1,2,6,1,0,14,0

Philippines,0,0,0,3,52,5,60,0

Philippines,0,1,0,1,0,6,5,0

Philippines,1,1,0,0,28,0,3,0

Philippines,1,0,0,0,10,0,3,0

Philippines,1,0,4,36,0,0,1,1

Philippines,0,1,0,0,0,0,4,1

Philippines,0,0,0,0,12,0,3,0

Philippines,1,0,2,3,32,0,10,0

Philippines,0,0,0,0,17,1,5,0

Philippines,0,0,0,0,0,0,5,0

Philippines,0,0,32,23,161,5,36,1

Philippines,1,0,0,0,0,0,1,0

Philippines,0,0,2,6,22,0,17,0

Philippines,0,1,0,0,0,0,1,1

Philippines,0,0,0,0,0,0,1,1

Philippines,1,1,4,7,8,0,2,0

Philippines,0,0,0,0,3,0,2,0

Philippines,0,0,0,0,6,0,2,0

Philippines,0,0,0,0,24,0,3,0

Philippines,0,0,4,1,10,0,2,0

Philippines,0,0,0,0,4,0,2,0

Philippines,1,1,0,0,23,0,6,0

Philippines,1,0,6,23,233,0,31,0

